GEM,Label
Dx_AAACCCAAGCGTATAA,6_leaf
Dx_AAACCCACATCATCTT,10_leaf
Dx_AAACCCAGTAGAGCTG,10_leaf
Dx_AAACGAAAGAGTGACC,6_leaf
Dx_AAACGAATCGTAGTCA,6_leaf
Dx_AAACGAATCTGTTGGA,6_leaf
Dx_AAACGCTGTAACAGGC,6_leaf
Dx_AAACGCTTCGTGGTAT,25_leaf
Dx_AAAGAACAGAAGGTAG,6_leaf
Dx_AAAGAACAGCGTATGG,4_leaf
Dx_AAAGAACCATGCGTGC,4_leaf
Dx_AAAGAACGTACCTAGT,20_leaf
Dx_AAAGAACTCCTAGCCT,4_leaf
Dx_AAAGGATTCCTAGCCT,6_leaf
Dx_AAAGGATTCGATTGGT,6_leaf
Dx_AAAGGATTCGTTAGAC,6_leaf
Dx_AAAGGGCAGCAGCCTC,6_leaf
Dx_AAAGGGCAGGTTATAG,4_leaf
Dx_AAAGGGCAGTCGCTAT,23_leaf
Dx_AAAGGGCCAGGCACTC,6_leaf
Dx_AAAGGGCCATGGCCCA,6_leaf
Dx_AAAGGGCGTCGCTTAA,4_leaf
Dx_AAAGGGCGTGCTCTTC,6_leaf
Dx_AAAGGTAAGACTTCAC,4_leaf
Dx_AAAGGTAAGCAGCCTC,11_leaf
Dx_AAAGGTAAGTATTCCG,4_leaf
Dx_AAAGGTAAGTGATAAC,25_leaf
Dx_AAAGGTACAAGAGCTG,4_leaf
Dx_AAAGGTAGTTTCGTAG,4_leaf
Dx_AAAGGTATCCGCAGTG,19_leaf
Dx_AAAGTGACAGTTAGGG,4_leaf
Dx_AAAGTGAGTATGGAAT,4_leaf
Dx_AAAGTGATCATCGTAG,4_leaf
Dx_AAAGTGATCCCTTTGG,4_leaf
Dx_AAAGTGATCTTAGTTC,17_leaf
Dx_AAATGGAGTTTGTTGG,23_leaf
Dx_AAATGGATCACCTACC,6_leaf
Dx_AACAACCCATCCTAAG,6_leaf
Dx_AACAACCGTACCTGTA,6_leaf
Dx_AACAACCGTTAGTTCG,4_leaf
Dx_AACAACCTCGAGTTGT,4_leaf
Dx_AACAAGAAGTCGGGAT,4_leaf
Dx_AACAAGATCGTCGACG,4_leaf
Dx_AACAAGATCTTCGACC,10_leaf
Dx_AACACACAGGTTCACT,18_leaf
Dx_AACACACCACGACGAA,6_leaf
Dx_AACACACCATCGGAAG,4_leaf
Dx_AACACACCATGTGACT,20_leaf
Dx_AACACACTCCATAAGC,19_leaf
Dx_AACAGGGAGTTGAAAC,6_leaf
Dx_AACCAACCACGAAGAC,4_leaf
Dx_AACCAACGTCTGCAAT,4_leaf
Dx_AACCAACGTGTATACC,6_leaf
Dx_AACCACACAATAACCC,6_leaf
Dx_AACCATGGTGAGTAGC,4_leaf
Dx_AACCATGTCTCTATGT,6_leaf
Dx_AACCCAAGTACAAAGT,10_leaf
Dx_AACCTGAGTTCCTAAG,6_leaf
Dx_AACCTGATCTCTGCTG,4_leaf
Dx_AACCTTTAGTTCCGGC,4_leaf
Dx_AACCTTTCAGTCCGTG,20_leaf
Dx_AACCTTTGTCTAGGCC,4_leaf
Dx_AACGAAACAATACCCA,4_leaf
Dx_AACGAAAGTAGGTACG,6_leaf
Dx_AACGGGAAGAGAGCGG,4_leaf
Dx_AACGGGAAGAGTGAAG,6_leaf
Dx_AACGGGACAACAAGTA,6_leaf
Dx_AACGGGACAGAGAATT,6_leaf
Dx_AACGGGATCATACGGT,16_leaf
Dx_AACGGGATCCGATTAG,6_leaf
Dx_AACGGGATCTCACTCG,20_leaf
Dx_AACTTCTGTGAAGCGT,4_leaf
Dx_AACTTCTGTTGAGAGC,4_leaf
Dx_AACTTCTTCGGTAAGG,10_leaf
Dx_AAGAACAAGGAAGTAG,4_leaf
Dx_AAGAACACAAGTTGGG,4_leaf
Dx_AAGAACAGTAGCGTAG,17_leaf
Dx_AAGAACAGTTATGTCG,4_leaf
Dx_AAGAACATCCTCAGGG,4_leaf
Dx_AAGACAACACGAAAGC,26_leaf
Dx_AAGACTCGTCTTTCTA,4_leaf
Dx_AAGACTCGTGTACAGG,4_leaf
Dx_AAGACTCGTTTGTGGT,6_leaf
Dx_AAGATAGAGGTAGATT,10_leaf
Dx_AAGATAGCACCTTCGT,4_leaf
Dx_AAGATAGGTCACGCTG,6_leaf
Dx_AAGCATCGTACAGTCT,6_leaf
Dx_AAGCATCGTCAGCGTC,6_leaf
Dx_AAGCCATCAGAGCCCT,4_leaf
Dx_AAGCGAGGTACAGAAT,6_leaf
Dx_AAGCGAGGTATACCCA,6_leaf
Dx_AAGCGTTCAACAGCTT,16_leaf
Dx_AAGCGTTGTGTCTCCT,6_leaf
Dx_AAGCGTTTCTTCGATT,4_leaf
Dx_AAGGTAAAGCGCCCAT,6_leaf
Dx_AAGGTAACACGGTGCT,4_leaf
Dx_AAGGTAACAGATCACT,26_leaf
Dx_AAGGTAATCAACACCA,4_leaf
Dx_AAGGTAATCACTGGTA,4_leaf
Dx_AAGGTAATCCGTATAG,20_leaf
Dx_AAGGTAATCTGCAGCG,6_leaf
Dx_AAGGTAATCTTCCCGA,20_leaf
Dx_AAGTACCCATAAGCAA,4_leaf
Dx_AAGTACCTCCACTGAA,6_leaf
Dx_AAGTCGTCACAAGTGG,4_leaf
Dx_AAGTTCGAGAGGTCGT,6_leaf
Dx_AATAGAGAGGCGCTCT,18_leaf
Dx_AATAGAGAGTGGAAGA,10_leaf
Dx_AATAGAGGTAAGTTAG,6_leaf
Dx_AATAGAGGTGTTGATC,4_leaf
Dx_AATAGAGTCCCTGTTG,4_leaf
Dx_AATAGAGTCTATCGTT,6_leaf
Dx_AATCACGAGAGTCTTC,26_leaf
Dx_AATCACGAGATGAAGG,6_leaf
Dx_AATCACGCACATACTG,6_leaf
Dx_AATCACGTCCTCACGT,4_leaf
Dx_AATCGACAGATGGGCT,6_leaf
Dx_AATCGACGTGGGTTGA,4_leaf
Dx_AATCGACGTGTTACAC,6_leaf
Dx_AATCGACGTTCCTACC,6_leaf
Dx_AATCGACTCGGTGCAC,4_leaf
Dx_AATCGTGAGACTCAAA,6_leaf
Dx_AATCGTGCAAGGTTGG,18_leaf
Dx_AATCGTGCAAGTTTGC,4_leaf
Dx_AATCGTGCAGCTTTCC,18_leaf
Dx_AATCGTGTCCCGAGGT,6_leaf
Dx_AATCGTGTCTTCGACC,6_leaf
Dx_AATGAAGGTGCCTGCA,23_leaf
Dx_AATGACCAGTGCTCGC,6_leaf
Dx_AATGACCGTTTAGACC,6_leaf
Dx_AATGGAACAGAGAAAG,4_leaf
Dx_AATGGCTAGACCCTTA,10_leaf
Dx_AATGGCTAGCCTCTCT,6_leaf
Dx_AATGGCTTCCTGTACC,10_leaf
Dx_AATTTCCGTACCAGAG,18_leaf
Dx_AATTTCCGTCGAGCAA,6_leaf
Dx_AATTTCCGTTTAGAGA,16_leaf
Dx_ACAAAGAAGAAACTAC,6_leaf
Dx_ACAAAGAAGTCCCTAA,6_leaf
Dx_ACAAAGATCAATGCAC,6_leaf
Dx_ACAAAGATCATGCCCT,4_leaf
Dx_ACAACCAGTTAGAAGT,4_leaf
Dx_ACAAGCTTCAGATTGC,4_leaf
Dx_ACACAGTCAACTGTGT,6_leaf
Dx_ACACAGTCAGGTGACA,6_leaf
Dx_ACACAGTGTGAACCGA,4_leaf
Dx_ACACAGTTCGTTGCCT,12_leaf
Dx_ACACCAAAGTAAACTG,12_leaf
Dx_ACACCAAGTGTTATCG,4_leaf
Dx_ACACGCGCAAGAGTAT,6_leaf
Dx_ACACGCGTCGACGAGA,4_leaf
Dx_ACACGCGTCGCGAAGA,6_leaf
Dx_ACACTGAAGTGCGCTC,4_leaf
Dx_ACACTGACAGGAGACT,4_leaf
Dx_ACACTGAGTACGCTTA,10_leaf
Dx_ACACTGAGTCAGTCGC,10_leaf
Dx_ACACTGATCAGACAAA,10_leaf
Dx_ACACTGATCCAGCCTT,6_leaf
Dx_ACACTGATCGCCGTGA,4_leaf
Dx_ACACTGATCTTGCGCT,20_leaf
Dx_ACAGAAAAGTCTGCGC,6_leaf
Dx_ACAGAAAGTTAAGCAA,12_leaf
Dx_ACAGAAATCCAAACCA,25_leaf
Dx_ACAGAAATCCATTCAT,16_leaf
Dx_ACAGAAATCGCAGAGA,6_leaf
Dx_ACAGCCGAGCCGTTGC,4_leaf
Dx_ACAGCCGAGCTTCTAG,4_leaf
Dx_ACAGGGAAGCTACTGT,6_leaf
Dx_ACAGGGATCAGGTAAA,4_leaf
Dx_ACATCCCCACTACACA,12_leaf
Dx_ACATCCCTCCATACAG,6_leaf
Dx_ACATCGATCCACACAA,4_leaf
Dx_ACATCGATCGGTGTAT,4_leaf
Dx_ACATGCAAGCCTAGGA,6_leaf
Dx_ACATGCAAGTAATCCC,10_leaf
Dx_ACATGCACATGACGAG,4_leaf
Dx_ACATGCAGTATTCTCT,10_leaf
Dx_ACATTTCAGCTGTGCC,6_leaf
Dx_ACATTTCGTCCTGTTC,4_leaf
Dx_ACCAAACCAGGCGTTC,6_leaf
Dx_ACCAAACTCCTACAAG,6_leaf
Dx_ACCAAACTCGAACCTA,26_leaf
Dx_ACCAACAAGGGTATAT,4_leaf
Dx_ACCAACATCATCACCC,4_leaf
Dx_ACCAACATCTCTTAAC,4_leaf
Dx_ACCACAAAGTAGCAAT,4_leaf
Dx_ACCATTTGTACCTAGT,6_leaf
Dx_ACCATTTGTATTTCTC,6_leaf
Dx_ACCATTTTCTCGACGG,6_leaf
Dx_ACCCAAAAGGTAGGCT,6_leaf
Dx_ACCCAAAAGTGACACG,12_leaf
Dx_ACCCTCAAGGAGTCTG,12_leaf
Dx_ACCCTCAAGTTACGTC,6_leaf
Dx_ACCGTTCAGCTGTGCC,6_leaf
Dx_ACCGTTCTCGACATTG,6_leaf
Dx_ACCGTTCTCGATTTCT,4_leaf
Dx_ACCTACCGTATAGCTC,20_leaf
Dx_ACCTACCTCATCGCTC,4_leaf
Dx_ACCTACCTCCGATCTC,6_leaf
Dx_ACCTGAAGTACCTAGT,6_leaf
Dx_ACCTGAATCCGTATAG,6_leaf
Dx_ACCTGTCCAAGTATCC,6_leaf
Dx_ACGATCAAGCGTGTCC,4_leaf
Dx_ACGATCAAGCTCGAAG,4_leaf
Dx_ACGATCATCCGATCGG,6_leaf
Dx_ACGATCATCGGAGTGA,16_leaf
Dx_ACGATGTCACTGGCGT,6_leaf
Dx_ACGATGTGTGAGTTGG,6_leaf
Dx_ACGATGTGTGCAAGAC,6_leaf
Dx_ACGATGTGTTCGGCGT,6_leaf
Dx_ACGCACGCACTTTAGG,20_leaf
Dx_ACGCACGGTTAAGAAC,4_leaf
Dx_ACGGAAGCATGGCCCA,26_leaf
Dx_ACGGAAGTCCCTTTGG,4_leaf
Dx_ACGGGTCCAAGCACAG,6_leaf
Dx_ACGGGTCCAGGCTATT,6_leaf
Dx_ACGGTTACAGTCGAGA,6_leaf
Dx_ACGGTTAGTCGTGCCA,4_leaf
Dx_ACGGTTAGTCTTCAAG,4_leaf
Dx_ACGGTTAGTTTGGGAG,20_leaf
Dx_ACGTAACAGCATGTTC,4_leaf
Dx_ACGTAACAGCTCCGAC,4_leaf
Dx_ACGTAACCAGTATACC,4_leaf
Dx_ACGTAACGTCTTCCGT,10_leaf
Dx_ACGTACATCCAAACCA,10_leaf
Dx_ACGTAGTGTCTACATG,6_leaf
Dx_ACGTCCTCAAACGGCA,4_leaf
Dx_ACGTCCTCAGGATTCT,6_leaf
Dx_ACGTCCTCATCCGCGA,4_leaf
Dx_ACGTCCTCATTGAAGA,4_leaf
Dx_ACGTCCTGTGAGATAT,17_leaf
Dx_ACGTCCTTCATTACCT,4_leaf
Dx_ACGTCCTTCCAGCAAT,23_leaf
Dx_ACGTTCCAGCATGGGT,4_leaf
Dx_ACGTTCCAGCTAGAGC,6_leaf
Dx_ACGTTCCGTGATGGCA,4_leaf
Dx_ACTACGAAGCAGGGAG,18_leaf
Dx_ACTACGAAGGACGCAT,6_leaf
Dx_ACTACGAAGTCTCGTA,6_leaf
Dx_ACTACGAGTTGCCGCA,6_leaf
Dx_ACTACGATCCGTGGGT,26_leaf
Dx_ACTATCTAGCTTAAGA,24_leaf
Dx_ACTATCTAGTCGCCAC,6_leaf
Dx_ACTATCTCAGTGCCTG,6_leaf
Dx_ACTATGGAGTGTAGAT,17_leaf
Dx_ACTATGGAGTTGGCGA,4_leaf
Dx_ACTATGGCAATAAGGT,4_leaf
Dx_ACTATGGTCCCGAACG,6_leaf
Dx_ACTATGGTCCTGCTAC,4_leaf
Dx_ACTATTCCAAAGGCTG,4_leaf
Dx_ACTATTCGTAACGTTC,4_leaf
Dx_ACTATTCGTGACTGTT,4_leaf
Dx_ACTATTCGTGGTCCCA,4_leaf
Dx_ACTATTCGTTAGGGAC,20_leaf
Dx_ACTATTCTCTGGGCAC,4_leaf
Dx_ACTCCCACAAGAATAC,4_leaf
Dx_ACTCCCAGTTACGGAG,4_leaf
Dx_ACTCCCATCACTGCTC,20_leaf
Dx_ACTCCCATCATCCTGC,11_leaf
Dx_ACTCTCGAGCTGTCCG,4_leaf
Dx_ACTCTCGAGTGAACAT,6_leaf
Dx_ACTCTCGCAGAAATTG,10_leaf
Dx_ACTCTCGGTAGCGCTC,6_leaf
Dx_ACTGATGAGGGTAGCT,4_leaf
Dx_ACTGATGCATGCGTGC,6_leaf
Dx_ACTGCAACAGATCATC,6_leaf
Dx_ACTGCAAGTGAACGGT,23_leaf
Dx_ACTGCAATCCATTCGC,6_leaf
Dx_ACTGTCCAGTTACTCG,6_leaf
Dx_ACTGTGAAGCTGAGCA,4_leaf
Dx_ACTGTGAGTACAGAAT,4_leaf
Dx_ACTGTGAGTTGCCGAC,16_leaf
Dx_ACTGTGATCATCCTAT,6_leaf
Dx_ACTGTGATCGCTGTTC,4_leaf
Dx_ACTTAGGCACTACTTT,6_leaf
Dx_ACTTAGGCATCATTGG,10_leaf
Dx_ACTTAGGTCGACACCG,6_leaf
Dx_ACTTAGGTCTGTCAGA,6_leaf
Dx_ACTTATCCATAATGCC,6_leaf
Dx_ACTTCCGGTCAGGCAA,6_leaf
Dx_ACTTCGCCAACACGTT,4_leaf
Dx_ACTTTCAAGCACCGAA,26_leaf
Dx_ACTTTCAAGGCATTTC,6_leaf
Dx_ACTTTGTTCGTTCTGC,4_leaf
Dx_AGAAATGTCAAGTAAG,4_leaf
Dx_AGAACAACAAAGCGTG,6_leaf
Dx_AGAACAACATTGACCA,4_leaf
Dx_AGAACAAGTTATGACC,10_leaf
Dx_AGAACCTCAAGTATAG,6_leaf
Dx_AGAACCTCACTTGTCC,6_leaf
Dx_AGAAGCGCATTGGATC,6_leaf
Dx_AGAAGCGGTAATCAAG,4_leaf
Dx_AGAAGCGGTGCATTTG,10_leaf
Dx_AGAAGCGGTGGTATGG,6_leaf
Dx_AGAAGTAAGCGTTCAT,6_leaf
Dx_AGACAAACAAAGGCTG,6_leaf
Dx_AGACAAACACAATGAA,6_leaf
Dx_AGACACTAGATCACCT,10_leaf
Dx_AGACAGGAGAAAGCGA,4_leaf
Dx_AGACAGGCAAGAGAGA,6_leaf
Dx_AGACAGGTCTCCGCAT,6_leaf
Dx_AGACCATTCAGGAAAT,4_leaf
Dx_AGACCCGCACTCAAGT,6_leaf
Dx_AGACCCGGTGCGCTCA,4_leaf
Dx_AGACCCGTCATTGAGC,16_leaf
Dx_AGACTCAAGGGTACGT,4_leaf
Dx_AGACTCACATTCTGTT,4_leaf
Dx_AGACTCAGTATCTTCT,4_leaf
Dx_AGACTCATCACTCTTA,4_leaf
Dx_AGAGAATAGTAACCTC,6_leaf
Dx_AGAGAATTCCGATAGT,4_leaf
Dx_AGAGAATTCGTGGAAG,6_leaf
Dx_AGAGAGCCAGATCATC,4_leaf
Dx_AGAGAGCCAGGCGATA,11_leaf
Dx_AGAGAGCGTCCAGCCA,4_leaf
Dx_AGAGCAGGTAGCGCTC,6_leaf
Dx_AGAGCAGGTCAGCGTC,4_leaf
Dx_AGAGCCCGTCTCGGGT,4_leaf
Dx_AGAGCCCTCACCTCGT,4_leaf
Dx_AGATAGAAGGCCGCTT,24_leaf
Dx_AGATAGACAACCAACT,12_leaf
Dx_AGATAGACATTCTGTT,4_leaf
Dx_AGATAGAGTGAGTTTC,10_leaf
Dx_AGATAGAGTGTCATGT,4_leaf
Dx_AGATAGATCAGCGCAC,4_leaf
Dx_AGATCCACAGTCGGAA,6_leaf
Dx_AGATCCATCACACGAT,6_leaf
Dx_AGATCGTAGTCTGGTT,11_leaf
Dx_AGATCGTCATTGACCA,17_leaf
Dx_AGATCGTGTTATCTGG,4_leaf
Dx_AGATCGTTCTCTAAGG,10_leaf
Dx_AGATGAAAGCCGTTGC,4_leaf
Dx_AGATGAAGTAACCCTA,6_leaf
Dx_AGATGAAGTGAATTGA,18_leaf
Dx_AGATGAATCTAAGGAA,6_leaf
Dx_AGATGCTCATGTCGTA,6_leaf
Dx_AGATGCTTCTTCGGAA,10_leaf
Dx_AGCATCAAGGATACGC,6_leaf
Dx_AGCATCAGTTAGGAGC,6_leaf
Dx_AGCATCATCCGATAGT,4_leaf
Dx_AGCCAATGTGAATAAC,10_leaf
Dx_AGCCAATGTTCTCGCT,6_leaf
Dx_AGCCACGAGTTACGTC,4_leaf
Dx_AGCCACGGTAAGTTGA,18_leaf
Dx_AGCCACGTCCGCGGAT,4_leaf
Dx_AGCGATTCATTGTAGC,6_leaf
Dx_AGCGCCACAGTTTCGA,6_leaf
Dx_AGCGCCACATAACGGG,6_leaf
Dx_AGCGCCATCAGCCTCT,4_leaf
Dx_AGCGCTGTCCACGTAA,4_leaf
Dx_AGCGCTGTCCTCATAT,4_leaf
Dx_AGCGTATAGAGTGTTA,4_leaf
Dx_AGCGTATAGGCACCAA,4_leaf
Dx_AGCGTATCAATTCTCT,4_leaf
Dx_AGCGTATCAGGATCTT,4_leaf
Dx_AGCGTATCATCATTGG,6_leaf
Dx_AGCGTCGCAGCCGGTT,10_leaf
Dx_AGCGTCGCATCAGCTA,4_leaf
Dx_AGCGTCGCATTCATCT,6_leaf
Dx_AGCTACACAAATTGGA,6_leaf
Dx_AGCTCAAAGTAGCATA,4_leaf
Dx_AGCTCAACAGTTCACA,4_leaf
Dx_AGCTTCCAGATCCCGC,16_leaf
Dx_AGCTTCCAGGGTTAAT,6_leaf
Dx_AGGAAATTCCACAGGC,17_leaf
Dx_AGGAAATTCCGAACGC,6_leaf
Dx_AGGAAATTCGCAAGAG,20_leaf
Dx_AGGAATACATTAGGAA,6_leaf
Dx_AGGAATAGTTTGCAGT,6_leaf
Dx_AGGACGACAAGGGCAT,6_leaf
Dx_AGGACGAGTGCACGCT,6_leaf
Dx_AGGACGAGTGGAATGC,4_leaf
Dx_AGGACGATCCATTTGT,6_leaf
Dx_AGGACGATCCGTACGG,6_leaf
Dx_AGGACGATCGAACGCC,4_leaf
Dx_AGGACGATCTATACTC,6_leaf
Dx_AGGACTTAGGCTTAAA,10_leaf
Dx_AGGACTTGTACGAAAT,6_leaf
Dx_AGGACTTGTTCCCACT,6_leaf
Dx_AGGACTTTCCAACCGG,4_leaf
Dx_AGGACTTTCTAGGAAA,10_leaf
Dx_AGGAGGTAGGCCACTC,4_leaf
Dx_AGGAGGTTCCAGCAAT,4_leaf
Dx_AGGAGGTTCCGGTTCT,6_leaf
Dx_AGGAGGTTCTGGGAGA,6_leaf
Dx_AGGATAAAGATGTTCC,6_leaf
Dx_AGGATAAAGTCACAGG,6_leaf
Dx_AGGATCTAGTTAGTAG,25_leaf
Dx_AGGATCTGTCTTACTT,6_leaf
Dx_AGGCATTCAGAATGTA,4_leaf
Dx_AGGCATTTCTTTCTAG,26_leaf
Dx_AGGCCACGTACTCCGG,4_leaf
Dx_AGGCCACGTCGTCAGC,6_leaf
Dx_AGGCCACGTTGGAGAC,12_leaf
Dx_AGGCTGCGTATCGATC,10_leaf
Dx_AGGGAGTGTAGTCCTA,4_leaf
Dx_AGGGAGTGTGGTGATG,20_leaf
Dx_AGGGAGTGTTGCTAGT,17_leaf
Dx_AGGGCCTGTTTGAAAG,4_leaf
Dx_AGGGCTCGTCCAAAGG,24_leaf
Dx_AGGGTCCAGCCTTTCC,10_leaf
Dx_AGGGTGAAGCAATAGT,4_leaf
Dx_AGGGTGAGTACGTGTT,6_leaf
Dx_AGGGTTTCAGCAGTTT,6_leaf
Dx_AGGGTTTGTAAGTTAG,4_leaf
Dx_AGGTAGGGTCCGAAAG,6_leaf
Dx_AGGTAGGGTTGGACCC,4_leaf
Dx_AGGTAGGTCTGGGATT,4_leaf
Dx_AGGTCATCAGGGCTTC,18_leaf
Dx_AGGTCATGTATCGTTG,6_leaf
Dx_AGGTCATTCCTGGCTT,12_leaf
Dx_AGGTCTAGTACCGTCG,4_leaf
Dx_AGGTCTAGTGTCCCTT,4_leaf
Dx_AGGTCTATCCAATCTT,10_leaf
Dx_AGGTCTATCTTTACAC,6_leaf
Dx_AGGTGTTAGCGGACAT,4_leaf
Dx_AGGTGTTCATTGTACG,4_leaf
Dx_AGGTGTTTCCATACTT,24_leaf
Dx_AGGTTACAGACCTGGA,10_leaf
Dx_AGGTTACCACAATCTG,6_leaf
Dx_AGGTTACCATACGCAT,4_leaf
Dx_AGGTTGTCAACACACT,4_leaf
Dx_AGGTTGTCATTGGGAG,6_leaf
Dx_AGGTTGTGTTGCTCAA,6_leaf
Dx_AGGTTGTTCACTCTTA,6_leaf
Dx_AGGTTGTTCAGACTGT,26_leaf
Dx_AGTAACCAGTTCCGTA,6_leaf
Dx_AGTAACCCAACCGTAT,18_leaf
Dx_AGTAACCGTCCATAGT,12_leaf
Dx_AGTACCAAGAAGCGAA,4_leaf
Dx_AGTACCATCAGCTTCC,6_leaf
Dx_AGTACCATCGCTAATG,6_leaf
Dx_AGTACTGAGATACATG,6_leaf
Dx_AGTAGCTAGGCTGTAG,10_leaf
Dx_AGTAGCTGTAGGATAT,4_leaf
Dx_AGTAGTCAGTCTAACC,10_leaf
Dx_AGTAGTCCACCAGCTG,16_leaf
Dx_AGTCAACAGAGAGTTT,4_leaf
Dx_AGTCAACTCGGCTTGG,4_leaf
Dx_AGTCAACTCTATCGCC,6_leaf
Dx_AGTCAACTCTTCTAAC,23_leaf
Dx_AGTCACACACATTGTG,6_leaf
Dx_AGTCACACATACCATG,6_leaf
Dx_AGTCACAGTAGGTCAG,6_leaf
Dx_AGTCACAGTCGTATGT,17_leaf
Dx_AGTCACAGTCGTTGCG,6_leaf
Dx_AGTCACATCGACATTG,4_leaf
Dx_AGTCATGAGACGACGT,4_leaf
Dx_AGTCATGAGATGATTG,18_leaf
Dx_AGTCATGGTCCAGCCA,4_leaf
Dx_AGTCATGTCCGAACGC,10_leaf
Dx_AGTCATGTCCGGTTCT,4_leaf
Dx_AGTCTCCAGACTCTTG,4_leaf
Dx_AGTCTCCAGAGGCCAT,4_leaf
Dx_AGTCTCCCAGAAGCTG,4_leaf
Dx_AGTCTCCCAGCGTTGC,6_leaf
Dx_AGTGACTCACAGGATG,10_leaf
Dx_AGTGACTCATGGGCAA,4_leaf
Dx_AGTGACTGTATGTCCA,23_leaf
Dx_AGTGACTTCCGGTAAT,4_leaf
Dx_AGTGATCAGCAGAAAG,6_leaf
Dx_AGTGATCGTCCACATA,6_leaf
Dx_AGTGATCGTCTGCAAT,6_leaf
Dx_AGTGCCGAGAAAGTCT,6_leaf
Dx_AGTGCCGTCGGCTGTG,4_leaf
Dx_AGTGTTGAGGCGCTCT,4_leaf
Dx_AGTGTTGAGGTCATAA,20_leaf
Dx_AGTTAGCTCGCTTGCT,4_leaf
Dx_AGTTCCCAGCTGTCCG,6_leaf
Dx_AGTTCCCAGTAATTGG,4_leaf
Dx_AGTTCGAGTAGGCTCC,6_leaf
Dx_AGTTCGAGTCGACTTA,4_leaf
Dx_AGTTCGAGTGCAACAG,6_leaf
Dx_ATACCGATCATCGGGC,6_leaf
Dx_ATACCTTAGACAAGCC,6_leaf
Dx_ATACCTTCAGGAGACT,17_leaf
Dx_ATACCTTGTTGGCCTG,6_leaf
Dx_ATACTTCCAGACGCTC,4_leaf
Dx_ATACTTCTCATTTACC,10_leaf
Dx_ATAGACCCAGGTATGG,4_leaf
Dx_ATAGACCGTCGACGCT,6_leaf
Dx_ATAGACCTCCGCTGTT,20_leaf
Dx_ATAGACCTCCGGGACT,18_leaf
Dx_ATAGACCTCGTCGATA,25_leaf
Dx_ATAGAGAAGCTGCGAA,4_leaf
Dx_ATAGAGACATGAATCC,4_leaf
Dx_ATAGGCTAGTCGCGAA,4_leaf
Dx_ATAGGCTCAAGTGGGT,10_leaf
Dx_ATAGGCTGTAGAGGAA,4_leaf
Dx_ATAGGCTGTCCAGGTC,6_leaf
Dx_ATAGGCTTCGGCAGTC,12_leaf
Dx_ATATCCTAGGTTTACC,4_leaf
Dx_ATATCCTCAGCAGAAC,6_leaf
Dx_ATATCCTGTATGAAGT,6_leaf
Dx_ATATCCTGTTCCGCAG,20_leaf
Dx_ATATCCTTCCTGCTAC,4_leaf
Dx_ATATCCTTCGGATTAC,10_leaf
Dx_ATCACAGCACGCGTCA,6_leaf
Dx_ATCACAGTCGTTGCCT,6_leaf
Dx_ATCACGAAGATGGTCG,6_leaf
Dx_ATCACGAAGGAATCGC,6_leaf
Dx_ATCACGAGTATGAAGT,6_leaf
Dx_ATCACGAGTCGGTGAA,4_leaf
Dx_ATCACGATCAGCTTCC,20_leaf
Dx_ATCACTTAGGGCTAAC,4_leaf
Dx_ATCAGGTGTCAAGCGA,16_leaf
Dx_ATCATTCCATCCGATA,4_leaf
Dx_ATCCACCAGAGTCAAT,4_leaf
Dx_ATCCACCAGCTGAAAT,4_leaf
Dx_ATCCACCTCTGTAACG,20_leaf
Dx_ATCCATTTCGTAGCTA,4_leaf
Dx_ATCCCTGAGATTGACA,6_leaf
Dx_ATCCCTGAGGGAGGCA,4_leaf
Dx_ATCCCTGAGGTCCTGC,6_leaf
Dx_ATCCCTGAGTGGAAAG,4_leaf
Dx_ATCCCTGCACGACGCT,26_leaf
Dx_ATCCCTGGTGGGTATG,6_leaf
Dx_ATCCGTCCAACAGCCC,4_leaf
Dx_ATCCGTCCACACCGAC,16_leaf
Dx_ATCCGTCCAGGTTTAC,4_leaf
Dx_ATCCGTCGTACCCACG,4_leaf
Dx_ATCCGTCTCGTGGGTC,4_leaf
Dx_ATCCTATCAACGTATC,6_leaf
Dx_ATCCTATTCGGTCTGG,6_leaf
Dx_ATCGATGAGCGCACAA,4_leaf
Dx_ATCGATGCATCGAAGG,12_leaf
Dx_ATCGCCTCAACACGAG,6_leaf
Dx_ATCGCCTGTTGCCTAA,10_leaf
Dx_ATCGGATCAAACCGGA,6_leaf
Dx_ATCGGATGTACACTCA,17_leaf
Dx_ATCGGATTCAAGCCAT,6_leaf
Dx_ATCGGATTCTGCTGAA,6_leaf
Dx_ATCGGCGAGCCTCCAG,4_leaf
Dx_ATCGGCGTCGGCATCG,4_leaf
Dx_ATCGTAGCATCCGGCA,4_leaf
Dx_ATCGTAGTCATTCTTG,6_leaf
Dx_ATCGTAGTCCTGCTAC,4_leaf
Dx_ATCGTAGTCTACGCGG,4_leaf
Dx_ATCGTCCAGCTTAAGA,4_leaf
Dx_ATCGTCCCAAGTGCTT,6_leaf
Dx_ATCGTCCCATAGGCGA,4_leaf
Dx_ATCGTCCGTTGAGTCT,6_leaf
Dx_ATCGTGAAGATTGATG,4_leaf
Dx_ATCGTGACAGCTATTG,6_leaf
Dx_ATCGTGAGTGACACGA,4_leaf
Dx_ATCTCTAGTGCATGTT,26_leaf
Dx_ATCTCTATCCATTGTT,6_leaf
Dx_ATCTTCAGTCATCCCT,6_leaf
Dx_ATGAAAGAGTAAGAGG,20_leaf
Dx_ATGAAAGAGTTGGGAC,6_leaf
Dx_ATGAAAGCAGACTGCC,6_leaf
Dx_ATGAAAGTCCACACCT,6_leaf
Dx_ATGAAAGTCCTAGCTC,16_leaf
Dx_ATGAAAGTCTACTTCA,6_leaf
Dx_ATGACCACAGTTTGGT,6_leaf
Dx_ATGACCATCACCTTAT,4_leaf
Dx_ATGACCATCGCGTAGC,4_leaf
Dx_ATGAGGGCACCCTATC,6_leaf
Dx_ATGAGGGTCATAGGCT,20_leaf
Dx_ATGAGTCTCATGCCGG,6_leaf
Dx_ATGAGTCTCCCGAGGT,6_leaf
Dx_ATGAGTCTCCGTATAG,6_leaf
Dx_ATGATCGCAAGTTTGC,4_leaf
Dx_ATGATCGGTGGCAGAT,4_leaf
Dx_ATGATCGTCTCCTACG,20_leaf
Dx_ATGCATGAGCCATTGT,4_leaf
Dx_ATGCATGAGGCTTCCG,4_leaf
Dx_ATGCATGCAACTGCTA,10_leaf
Dx_ATGCATGCACTCATAG,6_leaf
Dx_ATGCATGTCGCGTGAC,6_leaf
Dx_ATGCCTCAGGCTCAAG,6_leaf
Dx_ATGCCTCGTGCGAGTA,4_leaf
Dx_ATGCCTCGTGGGTCAA,6_leaf
Dx_ATGCGATTCGTGCATA,4_leaf
Dx_ATGGAGGCAAGTGATA,4_leaf
Dx_ATGGAGGGTCCAGAAG,6_leaf
Dx_ATGGATCGTTACCTGA,6_leaf
Dx_ATGGATCTCTCCGAAA,6_leaf
Dx_ATGGGAGGTTGGGATG,4_leaf
Dx_ATGGGTTAGCGCAATG,4_leaf
Dx_ATGGTTGGTGGCTTGC,6_leaf
Dx_ATGGTTGTCCTTGGAA,4_leaf
Dx_ATGTCCCCAAAGAGTT,4_leaf
Dx_ATGTCCCGTACGACAG,6_leaf
Dx_ATGTCCCTCCCGAGTG,4_leaf
Dx_ATGTCCCTCGGAACTT,4_leaf
Dx_ATGTCTTAGCACTCTA,26_leaf
Dx_ATGTCTTAGTGTAGTA,6_leaf
Dx_ATGTCTTGTTAAACCC,4_leaf
Dx_ATGTCTTTCGGTCACG,4_leaf
Dx_ATTACTCCACTCAGAT,23_leaf
Dx_ATTACTCTCCGACATA,4_leaf
Dx_ATTATCCAGTAGCTCT,4_leaf
Dx_ATTATCCGTGTTCAGT,6_leaf
Dx_ATTATCCGTTTGATCG,16_leaf
Dx_ATTCATCAGCGACCCT,4_leaf
Dx_ATTCATCCAGCTCGGT,10_leaf
Dx_ATTCATCGTCATATGC,6_leaf
Dx_ATTCATCGTTGGAGAC,6_leaf
Dx_ATTCCATGTAGCGCTC,6_leaf
Dx_ATTCCATTCGTAGCTA,23_leaf
Dx_ATTCCCGCAGTGTACT,6_leaf
Dx_ATTCCCGGTGCTGCAC,6_leaf
Dx_ATTCCCGTCCTGTAAG,10_leaf
Dx_ATTCCCGTCGGCAGTC,4_leaf
Dx_ATTCCTATCAGCATTG,4_leaf
Dx_ATTCCTATCTATCGCC,4_leaf
Dx_ATTCGTTAGGACATCG,18_leaf
Dx_ATTCGTTAGTACTGGG,4_leaf
Dx_ATTCGTTGTTGCATCA,12_leaf
Dx_ATTCTACCACCCAACG,4_leaf
Dx_ATTCTACCAGCGCTTG,4_leaf
Dx_ATTCTTGAGGTAGACC,6_leaf
Dx_ATTCTTGAGGTGAGAA,4_leaf
Dx_ATTCTTGAGTATCCTG,6_leaf
Dx_ATTCTTGGTGTTACTG,6_leaf
Dx_ATTCTTGTCCGTCAAA,12_leaf
Dx_ATTGGGTAGTACGAGC,6_leaf
Dx_ATTGGGTTCCCGAAAT,17_leaf
Dx_ATTGGGTTCGTCGACG,4_leaf
Dx_ATTGGGTTCTTGTGCC,6_leaf
Dx_ATTGTTCGTGTCATCA,6_leaf
Dx_ATTGTTCTCAGTCACA,6_leaf
Dx_ATTGTTCTCTGGGTCG,4_leaf
Dx_ATTTACCGTAGAGCTG,6_leaf
Dx_ATTTCACGTTGGTACT,6_leaf
Dx_ATTTCACGTTGTATGC,20_leaf
Dx_ATTTCACTCAGACCCG,20_leaf
Dx_ATTTCACTCGAGAAGC,4_leaf
Dx_ATTTCACTCTTGGTGA,4_leaf
Dx_CAAAGAAAGTTGTCAC,16_leaf
Dx_CAAAGAACAGTCCCGA,4_leaf
Dx_CAAAGAACATTGCCTC,4_leaf
Dx_CAAAGAAGTACAAACA,20_leaf
Dx_CAAAGAAGTAGGAGGG,23_leaf
Dx_CAAAGAAGTTCCGCAG,6_leaf
Dx_CAAAGAATCTCTAGGA,6_leaf
Dx_CAACAACAGAAACTAC,4_leaf
Dx_CAACAACCAATTCTTC,6_leaf
Dx_CAACAACCATTGAGCT,4_leaf
Dx_CAACAACTCACACGAT,6_leaf
Dx_CAACAGTAGGACTATA,4_leaf
Dx_CAACAGTGTTGCATGT,4_leaf
Dx_CAACCAACAGCAGGAT,4_leaf
Dx_CAACCTCAGTGTGTTC,6_leaf
Dx_CAACGATAGCACACAG,10_leaf
Dx_CAACGATAGGTCTACT,18_leaf
Dx_CAACGATGTCCACAGC,6_leaf
Dx_CAACGATGTCGTTTCC,4_leaf
Dx_CAACGATGTCTTTCAT,6_leaf
Dx_CAACGATGTGGTTTAC,4_leaf
Dx_CAACGATTCTACTATC,4_leaf
Dx_CAACGGCCAATCGCCG,6_leaf
Dx_CAACGGCGTCTTTATC,4_leaf
Dx_CAAGACTAGGTCGCCT,4_leaf
Dx_CAAGACTCACCTGCTT,23_leaf
Dx_CAAGACTGTTAGGGTG,4_leaf
Dx_CAAGACTGTTTGGGTT,6_leaf
Dx_CAAGAGGCATTAAGCC,16_leaf
Dx_CAAGCTAGTACTGGGA,6_leaf
Dx_CAAGGGATCTTGTGCC,4_leaf
Dx_CAATACGAGAACCGCA,4_leaf
Dx_CAATACGCAGCGAACA,6_leaf
Dx_CAATCGAAGCCTGTCG,6_leaf
Dx_CAATCGACACCGGAAA,10_leaf
Dx_CAATCGACAGTTTGGT,6_leaf
Dx_CAATCGACATACAGGG,4_leaf
Dx_CAATCGAGTCACTCGG,6_leaf
Dx_CAATCGAGTGAGAGGG,4_leaf
Dx_CAATGACAGATGGCAC,23_leaf
Dx_CAATGACAGGATCATA,4_leaf
Dx_CAATGACAGTAGAGTT,4_leaf
Dx_CAATGACCACTCATAG,4_leaf
Dx_CAATGACCAGACGCTC,6_leaf
Dx_CAATGACGTATGGAGC,25_leaf
Dx_CAATGACTCATTGCTT,4_leaf
Dx_CAATGACTCTGCTGAA,6_leaf
Dx_CAATTTCAGTTGGAGC,6_leaf
Dx_CAATTTCCAATGAACA,23_leaf
Dx_CAATTTCGTCGAATTC,4_leaf
Dx_CAATTTCTCACAATGC,4_leaf
Dx_CAATTTCTCGAACGCC,4_leaf
Dx_CACAACAAGTCCCGGT,6_leaf
Dx_CACAACACAGAACTAA,10_leaf
Dx_CACAACAGTCCTGGTG,6_leaf
Dx_CACACAACAAGGCTTT,23_leaf
Dx_CACAGGCAGATGGGCT,4_leaf
Dx_CACAGGCTCTCTCCGA,6_leaf
Dx_CACATGAAGAGATGCC,4_leaf
Dx_CACATGACATCTCCCA,4_leaf
Dx_CACATGAGTCTAGGCC,4_leaf
Dx_CACATGAGTGGGTTGA,4_leaf
Dx_CACATGATCTTCACAT,10_leaf
Dx_CACCGTTAGATGTTAG,6_leaf
Dx_CACCGTTAGCCAAGTG,4_leaf
Dx_CACCGTTAGGTAGATT,6_leaf
Dx_CACCGTTGTGTCACAT,4_leaf
Dx_CACCGTTTCGTAGGAG,6_leaf
Dx_CACGAATAGCACCGAA,4_leaf
Dx_CACGAATCAGGTTACT,4_leaf
Dx_CACGGGTAGGTCATCT,4_leaf
Dx_CACGGGTAGTATAACG,4_leaf
Dx_CACGGGTCACCTTCCA,4_leaf
Dx_CACGTGGGTGTCTCCT,6_leaf
Dx_CACGTGGGTTGAAGTA,6_leaf
Dx_CACGTTCGTAGATTGA,4_leaf
Dx_CACGTTCGTGTTACTG,6_leaf
Dx_CACGTTCTCCCTTGTG,17_leaf
Dx_CACGTTCTCGGAAGGT,4_leaf
Dx_CACGTTCTCTCACCCA,6_leaf
Dx_CACTAAGAGTTTCGGT,4_leaf
Dx_CACTAAGCAGTAGTTC,6_leaf
Dx_CACTGAAAGATAGCTA,20_leaf
Dx_CACTGAAAGCGGGTAT,4_leaf
Dx_CACTGAAGTAGTTACC,4_leaf
Dx_CACTGGGCAGCGGTCT,4_leaf
Dx_CACTGGGGTATGCAAA,4_leaf
Dx_CACTGGGTCATGCTAG,6_leaf
Dx_CACTTCGAGCGCGTTC,6_leaf
Dx_CACTTCGAGGAGAATG,6_leaf
Dx_CAGAGCCCAATACCCA,4_leaf
Dx_CAGATACCAGAACTTC,24_leaf
Dx_CAGATCAGTCCATCTC,10_leaf
Dx_CAGATCAGTGGTCTCG,16_leaf
Dx_CAGATCATCGTCCATC,4_leaf
Dx_CAGATTGCAAGCGCTC,6_leaf
Dx_CAGATTGCACGCTTAA,4_leaf
Dx_CAGATTGCACGGGCTT,6_leaf
Dx_CAGATTGGTTGCCGAC,6_leaf
Dx_CAGCAATAGGCTAAAT,4_leaf
Dx_CAGCAATTCGGACTGC,4_leaf
Dx_CAGCACGCATAGATGA,4_leaf
Dx_CAGCACGGTGCTAGCC,4_leaf
Dx_CAGCAGCAGCGCCGTT,23_leaf
Dx_CAGCAGCCACTAACGT,6_leaf
Dx_CAGCAGCTCATGGTAC,17_leaf
Dx_CAGCCAGGTAAGATCA,6_leaf
Dx_CAGCCAGGTCAGGCAA,26_leaf
Dx_CAGCCAGTCACCATAG,4_leaf
Dx_CAGCCAGTCTCTAGGA,4_leaf
Dx_CAGCGTGCACGCCACA,4_leaf
Dx_CAGCGTGCACTACTTT,4_leaf
Dx_CAGCGTGGTATCATGC,25_leaf
Dx_CAGCGTGGTCCAGCAC,4_leaf
Dx_CAGCGTGGTGCCGAAA,4_leaf
Dx_CAGGCCAGTTCACGAT,6_leaf
Dx_CAGGCCATCAAGGAGC,6_leaf
Dx_CAGGGCTAGGACTATA,4_leaf
Dx_CAGGGCTGTGTGTCGC,6_leaf
Dx_CAGGTATCAGGACATG,4_leaf
Dx_CAGTGCGAGACTACGG,10_leaf
Dx_CAGTGCGAGCATGCGA,4_leaf
Dx_CAGTGCGAGCCACAAG,11_leaf
Dx_CAGTGCGTCTCATGGA,17_leaf
Dx_CAGTTAGCACTAGAGG,4_leaf
Dx_CAGTTAGCATTGAAGA,4_leaf
Dx_CAGTTCCGTCTCGGGT,6_leaf
Dx_CAGTTCCTCGTGCGAC,4_leaf
Dx_CATAAGCGTAAGACCG,4_leaf
Dx_CATACAGCAGCCTTCT,4_leaf
Dx_CATACAGTCTCGACCT,4_leaf
Dx_CATACAGTCTTAAGGC,6_leaf
Dx_CATACCCGTTATCTGG,4_leaf
Dx_CATACCCTCCTGTAGA,6_leaf
Dx_CATACTTGTATCAAGA,4_leaf
Dx_CATACTTGTGCCAAGA,18_leaf
Dx_CATACTTGTGTGAGCA,4_leaf
Dx_CATAGACAGGTCTGGA,6_leaf
Dx_CATAGACCACCGTGAC,4_leaf
Dx_CATAGACCATGCAGCC,4_leaf
Dx_CATAGACTCGGCAGTC,6_leaf
Dx_CATAGACTCGGTCAGC,4_leaf
Dx_CATCAAGCAAGACGAC,4_leaf
Dx_CATCAAGTCAGGTGTT,6_leaf
Dx_CATCAAGTCCATTTAC,26_leaf
Dx_CATCAAGTCGCTGATA,6_leaf
Dx_CATCCACGTGATACTC,26_leaf
Dx_CATCCCACAAACTAGA,4_leaf
Dx_CATCCCACAACGTATC,6_leaf
Dx_CATCCCACAGAGGTAC,6_leaf
Dx_CATCCCAGTAATCAAG,4_leaf
Dx_CATCCCAGTCAAAGAT,4_leaf
Dx_CATCCCATCGACACTA,6_leaf
Dx_CATCCGTCAGTCGGTC,16_leaf
Dx_CATCCGTTCGATCCCT,6_leaf
Dx_CATCGCTAGTAGTGCG,4_leaf
Dx_CATCGGGTCGGACGTC,6_leaf
Dx_CATCGTCCACTAGAGG,16_leaf
Dx_CATCGTCGTTAGGGTG,4_leaf
Dx_CATCGTCTCGTTAGTG,4_leaf
Dx_CATGAGTAGTGAGCCA,18_leaf
Dx_CATGAGTTCTCTCAAT,4_leaf
Dx_CATGCAACAACTCGAT,6_leaf
Dx_CATGCAACAGCTACAT,10_leaf
Dx_CATGCAACATCGTCCT,4_leaf
Dx_CATGCAACATTAAGCC,4_leaf
Dx_CATGCAATCCACGAAT,10_leaf
Dx_CATGCCTAGGGTACAC,6_leaf
Dx_CATGCCTGTAACATCC,20_leaf
Dx_CATGCCTGTTGTCAGT,4_leaf
Dx_CATGCCTTCTACCCAC,6_leaf
Dx_CATGCGGGTCACCGCA,6_leaf
Dx_CATGCTCGTTAAACAG,6_leaf
Dx_CATGCTCGTTGAGGAC,6_leaf
Dx_CATGCTCTCCACGAAT,6_leaf
Dx_CATGCTCTCTCTCAAT,16_leaf
Dx_CATGGATAGCATTTCG,6_leaf
Dx_CATGGATGTATTCCGA,6_leaf
Dx_CATGGATTCGGCTGAC,4_leaf
Dx_CATGGTAAGTCAGGGT,4_leaf
Dx_CATGGTATCATTTGTC,4_leaf
Dx_CATGGTATCGTGGTAT,17_leaf
Dx_CATTCATCATAACCCA,4_leaf
Dx_CATTCCGGTGCTGTCG,6_leaf
Dx_CATTCCGTCGTCTACC,6_leaf
Dx_CATTCTACACACTGGC,6_leaf
Dx_CATTCTAGTGGAATGC,6_leaf
Dx_CATTCTAGTGGACTGA,4_leaf
Dx_CATTCTATCGTCAAAC,18_leaf
Dx_CATTGAGCAGGCCCTA,6_leaf
Dx_CATTGAGCATGTCTAG,4_leaf
Dx_CATTGAGTCACACCCT,4_leaf
Dx_CATTGAGTCTGCTGAA,4_leaf
Dx_CATTGCCAGGATGCGT,4_leaf
Dx_CATTGCCGTTTGGAAA,19_leaf
Dx_CATTGTTCAAGAGTGC,6_leaf
Dx_CATTGTTTCGAAACAA,4_leaf
Dx_CATTTCAAGACGTCCC,4_leaf
Dx_CATTTCACAGCGTATT,4_leaf
Dx_CATTTCAGTGTTGCCG,4_leaf
Dx_CCAAGCGAGTCATACC,4_leaf
Dx_CCAAGCGGTAAGGAGA,4_leaf
Dx_CCAATGAAGTCATGCT,6_leaf
Dx_CCAATGACACACGTGC,6_leaf
Dx_CCAATGAGTCTAACTG,20_leaf
Dx_CCAATTTAGCGTTCCG,6_leaf
Dx_CCAATTTAGGAGAGTA,6_leaf
Dx_CCAATTTGTATTTCTC,4_leaf
Dx_CCACAAAAGATAGCAT,6_leaf
Dx_CCACAAAAGCCTATTG,4_leaf
Dx_CCACAAAGTATCGTAC,6_leaf
Dx_CCACAAAGTCGTGCCA,6_leaf
Dx_CCACAAATCTGCTAGA,10_leaf
Dx_CCACACTAGTTACGGG,6_leaf
Dx_CCACACTGTCCTCAGG,4_leaf
Dx_CCACACTGTTCGGTTA,6_leaf
Dx_CCACACTTCTCGACGG,6_leaf
Dx_CCACGTTAGCATGTTC,6_leaf
Dx_CCACGTTAGGTTTGAA,4_leaf
Dx_CCACTTGAGTACGTCT,16_leaf
Dx_CCACTTGCAAAGAGTT,6_leaf
Dx_CCACTTGTCTGATTCT,6_leaf
Dx_CCATAAGCAAGCGCAA,4_leaf
Dx_CCATCACCACCTATCC,4_leaf
Dx_CCATCACCACTGGCGT,10_leaf
Dx_CCATCACTCAATGCAC,4_leaf
Dx_CCCAACTGTGTTCCAA,6_leaf
Dx_CCCATTGCACAATTCG,4_leaf
Dx_CCCATTGGTTGAAGTA,6_leaf
Dx_CCCATTGTCTTAAGGC,6_leaf
Dx_CCCGAAGTCATTTGGG,19_leaf
Dx_CCCGAAGTCGAGAAGC,6_leaf
Dx_CCCGAAGTCGCGATCG,6_leaf
Dx_CCCGGAAAGAACGCGT,6_leaf
Dx_CCCGGAAAGCCTGGAA,4_leaf
Dx_CCCGGAAAGTGGAAAG,10_leaf
Dx_CCCGGAACACACAGAG,6_leaf
Dx_CCCGGAACATAATGAG,4_leaf
Dx_CCCGGAACATAGAATG,6_leaf
Dx_CCCGGAAGTCCCAAAT,20_leaf
Dx_CCCTAACCAACTGCTA,6_leaf
Dx_CCCTAACCACTTGAGT,4_leaf
Dx_CCCTAACCAGAGTGTG,24_leaf
Dx_CCCTAACTCAGTGTGT,18_leaf
Dx_CCCTAACTCGATGCTA,4_leaf
Dx_CCCTCAAGTTGGACTT,4_leaf
Dx_CCCTCTCAGAGCAGAA,4_leaf
Dx_CCCTCTCAGTCAGGGT,6_leaf
Dx_CCCTGATAGACGAGCT,20_leaf
Dx_CCCTGATTCGACGCGT,6_leaf
Dx_CCCTGATTCGCGTAGC,19_leaf
Dx_CCCTGATTCTCAAAGC,4_leaf
Dx_CCGAACGAGAAGCTGC,25_leaf
Dx_CCGAACGAGGTCATCT,4_leaf
Dx_CCGAACGCATGATGCT,6_leaf
Dx_CCGAACGGTGATACCT,4_leaf
Dx_CCGATCTAGAAGCTGC,6_leaf
Dx_CCGATCTCACATGACT,6_leaf
Dx_CCGATCTCACGACAGA,6_leaf
Dx_CCGATCTGTATTGGCT,6_leaf
Dx_CCGATCTGTTAACCTG,4_leaf
Dx_CCGATGGCAGACCCGT,11_leaf
Dx_CCGATGGGTCCTCCAT,4_leaf
Dx_CCGATGGTCCCTGTTG,6_leaf
Dx_CCGCAAGGTTGGAGAC,26_leaf
Dx_CCGGACAGTGATTCTG,6_leaf
Dx_CCGGGTAAGCACGGAT,6_leaf
Dx_CCGGGTAGTATAATGG,6_leaf
Dx_CCGGGTAGTTTCGGCG,6_leaf
Dx_CCGGTAGAGAATCTAG,6_leaf
Dx_CCGGTGACACGAGAAC,6_leaf
Dx_CCGTAGGAGACCTGGA,4_leaf
Dx_CCGTAGGAGGCCTAAG,6_leaf
Dx_CCGTAGGCAAATTGCC,4_leaf
Dx_CCGTAGGCAGGTGACA,4_leaf
Dx_CCGTAGGGTGTCCGTG,6_leaf
Dx_CCGTGAGGTATATGGA,6_leaf
Dx_CCGTGAGGTATGAGCG,17_leaf
Dx_CCGTGAGGTCGTATGT,4_leaf
Dx_CCGTTCAAGCTCTGTA,6_leaf
Dx_CCGTTCAGTGATATAG,4_leaf
Dx_CCTAACCAGCATCTTG,4_leaf
Dx_CCTAACCAGCTCCACG,4_leaf
Dx_CCTAACCCAGAATTCC,20_leaf
Dx_CCTAACCCATCAGTGT,4_leaf
Dx_CCTAACCTCCACAGGC,6_leaf
Dx_CCTACGTAGACAGCGT,12_leaf
Dx_CCTACGTGTAACATAG,25_leaf
Dx_CCTACGTGTTGTAGCT,19_leaf
Dx_CCTACGTTCGCCGATG,20_leaf
Dx_CCTATCGAGAGATTCA,6_leaf
Dx_CCTATCGGTCAGGAGT,6_leaf
Dx_CCTATCGGTCTAGTGT,10_leaf
Dx_CCTATCGGTTAGCTAC,4_leaf
Dx_CCTATCGTCGCAGTGC,6_leaf
Dx_CCTCAACGTACGTACT,4_leaf
Dx_CCTCACACAACACAGG,6_leaf
Dx_CCTCACACAGGATCTT,6_leaf
Dx_CCTCAGTAGCCATTTG,6_leaf
Dx_CCTCAGTGTGATAGAT,17_leaf
Dx_CCTCATGCAGCATACT,6_leaf
Dx_CCTCATGTCAATCCAG,4_leaf
Dx_CCTCATGTCCCGATCT,4_leaf
Dx_CCTCCAAGTCCCGGTA,12_leaf
Dx_CCTCCTCAGCAGGGAG,6_leaf
Dx_CCTCCTCAGCCAGAGT,4_leaf
Dx_CCTCCTCCAAGTTCGT,24_leaf
Dx_CCTCCTCCACGACAGA,4_leaf
Dx_CCTCCTCGTCCAGTTA,4_leaf
Dx_CCTCCTCGTCGCCTAG,6_leaf
Dx_CCTCCTCGTTTGAACC,6_leaf
Dx_CCTCTAGAGGAGCTGT,4_leaf
Dx_CCTCTAGGTGAATAAC,4_leaf
Dx_CCTCTAGGTTGTAAAG,4_leaf
Dx_CCTCTAGTCACATACG,6_leaf
Dx_CCTCTAGTCTCGCCTA,23_leaf
Dx_CCTCTCCAGACGACGT,6_leaf
Dx_CCTCTCCAGCACTCTA,4_leaf
Dx_CCTCTCCCACGGGCTT,19_leaf
Dx_CCTCTCCGTTATCCAG,17_leaf
Dx_CCTCTCCTCCACGGAC,6_leaf
Dx_CCTGCATCATAACAGA,6_leaf
Dx_CCTGCATCATTAAAGG,4_leaf
Dx_CCTGCATTCAGACCCG,4_leaf
Dx_CCTGTTGCACGAAAGC,4_leaf
Dx_CCTTCAGGTTGCATCA,4_leaf
Dx_CCTTCAGTCGATTCCC,10_leaf
Dx_CCTTCAGTCTGGCCGA,6_leaf
Dx_CCTTGTGAGGAACTCG,6_leaf
Dx_CCTTGTGGTATAATGG,4_leaf
Dx_CCTTTGGAGGTAAAGG,4_leaf
Dx_CGAAGGAAGAATACAC,12_leaf
Dx_CGAAGGAAGATTCGAA,20_leaf
Dx_CGAAGGAAGCCTATCA,6_leaf
Dx_CGAAGGAAGTGTAGTA,4_leaf
Dx_CGAAGGACAAGCGCAA,4_leaf
Dx_CGAAGGAGTACCCAGC,4_leaf
Dx_CGAAGGATCCCAATAG,4_leaf
Dx_CGAAGTTAGATGTTCC,6_leaf
Dx_CGAAGTTCACACACGC,23_leaf
Dx_CGAAGTTGTACGGCAA,6_leaf
Dx_CGAAGTTGTGCGACAA,6_leaf
Dx_CGAAGTTTCTACGCAA,4_leaf
Dx_CGAATTGCATGAAGGC,11_leaf
Dx_CGACAGCAGTGATAAC,20_leaf
Dx_CGACAGCGTATCGAAA,4_leaf
Dx_CGACAGCGTGGTCTTA,6_leaf
Dx_CGAGAAGCAATCTCGA,4_leaf
Dx_CGAGAAGTCTCTCTAA,4_leaf
Dx_CGAGGAACAAAGGCAC,4_leaf
Dx_CGAGGAATCCATAGAC,6_leaf
Dx_CGAGGCTAGCAGCGAT,4_leaf
Dx_CGAGGCTGTTCAACGT,10_leaf
Dx_CGAGTGCAGGGATCTG,4_leaf
Dx_CGAGTGCAGGTCACCC,6_leaf
Dx_CGAGTGCCAGGTCTCG,12_leaf
Dx_CGAGTGCGTAACACCT,6_leaf
Dx_CGAGTGCTCGAGCCAC,4_leaf
Dx_CGAGTGCTCTGTGCGG,4_leaf
Dx_CGAGTTAAGGATGAGA,4_leaf
Dx_CGATCGGTCCTCGCAT,4_leaf
Dx_CGATGCGAGGAACTAT,4_leaf
Dx_CGATGCGCATCTGTTT,4_leaf
Dx_CGATGCGGTTCAGGTT,6_leaf
Dx_CGATGGCAGATAGGGA,4_leaf
Dx_CGATGGCAGGAACTAT,10_leaf
Dx_CGATGGCGTAGCGATG,6_leaf
Dx_CGATGGCGTCATCCGG,4_leaf
Dx_CGCAGGTAGGTGCATG,4_leaf
Dx_CGCAGGTTCGTACCTC,4_leaf
Dx_CGCATAAGTACGACTT,6_leaf
Dx_CGCATAAGTCATAACC,23_leaf
Dx_CGCATAAGTGAGAACC,26_leaf
Dx_CGCATAATCACTACTT,24_leaf
Dx_CGCATAATCCTAGCTC,20_leaf
Dx_CGCATGGCAATCACGT,6_leaf
Dx_CGCATGGCACGTATAC,10_leaf
Dx_CGCATGGCATGCCATA,4_leaf
Dx_CGCCAGAAGGTGGTTG,6_leaf
Dx_CGCCAGACATGGTACT,17_leaf
Dx_CGCCAGATCTACACAG,6_leaf
Dx_CGCCATTAGAAGTATC,4_leaf
Dx_CGCCATTGTCCTCAGG,4_leaf
Dx_CGCCATTTCATTTACC,4_leaf
Dx_CGCGTGACAGAATCGG,6_leaf
Dx_CGCGTGAGTATCCCAA,26_leaf
Dx_CGGAACCCAAGTGGTG,4_leaf
Dx_CGGAACCCACACACTA,4_leaf
Dx_CGGAACCGTTACACTG,4_leaf
Dx_CGGAACCTCAAGAAAC,6_leaf
Dx_CGGAACCTCTGGTCAA,4_leaf
Dx_CGGAATTAGGTAAGGA,4_leaf
Dx_CGGAATTTCGACGCTG,4_leaf
Dx_CGGAATTTCGTTGTAG,4_leaf
Dx_CGGACACAGAAGCTCG,4_leaf
Dx_CGGACACAGGTAGTAT,4_leaf
Dx_CGGACACAGTGGACTG,6_leaf
Dx_CGGACACCACGTACAT,6_leaf
Dx_CGGAGAAAGAGGCCAT,6_leaf
Dx_CGGAGAAAGTTTGAGA,17_leaf
Dx_CGGAGAAGTAGTCCTA,4_leaf
Dx_CGGAGAAGTTCGGGTC,6_leaf
Dx_CGGAGAATCTCCGCAT,18_leaf
Dx_CGGCAGTAGAGTGGCT,6_leaf
Dx_CGGCAGTAGCGCCTCA,18_leaf
Dx_CGGCAGTTCATGGGAG,6_leaf
Dx_CGGGACTAGACATACA,6_leaf
Dx_CGGGACTGTGTCTAAC,4_leaf
Dx_CGGGACTGTTATAGAG,4_leaf
Dx_CGGGTCATCCGATCGG,6_leaf
Dx_CGGGTCATCCGTAATG,4_leaf
Dx_CGGGTCATCTGATTCT,6_leaf
Dx_CGGGTGTAGGTCTGGA,19_leaf
Dx_CGGGTGTCAATCTGCA,4_leaf
Dx_CGGGTGTCAGCGAACA,4_leaf
Dx_CGGTCAGCAATCTCGA,4_leaf
Dx_CGGTCAGTCGAGAATA,18_leaf
Dx_CGTAAGTCAACCGGAA,4_leaf
Dx_CGTAAGTTCCTTCTTC,6_leaf
Dx_CGTAAGTTCGGTATGT,4_leaf
Dx_CGTAAGTTCGTACCTC,6_leaf
Dx_CGTAATGAGGGCTAAC,4_leaf
Dx_CGTAATGCACTTCTCG,4_leaf
Dx_CGTAATGGTAATACCC,4_leaf
Dx_CGTAATGTCATTCTTG,4_leaf
Dx_CGTAATGTCTGGTGCG,6_leaf
Dx_CGTAGTAAGTATGATG,4_leaf
Dx_CGTAGTACATGTCTAG,11_leaf
Dx_CGTAGTAGTTCGGCGT,6_leaf
Dx_CGTAGTATCTACGCGG,6_leaf
Dx_CGTCAAAGTAGCGCTC,6_leaf
Dx_CGTCAAAGTTGATGTC,4_leaf
Dx_CGTCAAATCGGACTGC,6_leaf
Dx_CGTCCATAGCGTGAAC,4_leaf
Dx_CGTCCATCAAATCGTC,10_leaf
Dx_CGTCCATCATGATGCT,6_leaf
Dx_CGTCCATTCGGTAACT,4_leaf
Dx_CGTGAATAGCACTGGA,6_leaf
Dx_CGTGAATCAATCTGCA,26_leaf
Dx_CGTGAATTCGCTACAA,6_leaf
Dx_CGTGCTTAGGTGGTTG,10_leaf
Dx_CGTGCTTCAACCAGAG,23_leaf
Dx_CGTGCTTCACATGACT,4_leaf
Dx_CGTGCTTCAGCGAACA,10_leaf
Dx_CGTGTCTAGCCGAACA,18_leaf
Dx_CGTGTCTCATTACTCT,6_leaf
Dx_CGTGTCTGTCTACGTA,4_leaf
Dx_CGTGTCTGTGACTATC,6_leaf
Dx_CGTTAGAAGATGTTGA,6_leaf
Dx_CGTTAGAAGGGTAATT,10_leaf
Dx_CGTTAGAAGTCTTCGA,11_leaf
Dx_CGTTAGACAGTTGTCA,18_leaf
Dx_CGTTCTGCACCTTCGT,6_leaf
Dx_CGTTGGGCAAAGCTCT,19_leaf
Dx_CTAACCCAGTATCCTG,4_leaf
Dx_CTAACCCGTACAAGCG,4_leaf
Dx_CTAACCCGTCAGTCCG,6_leaf
Dx_CTAACCCGTGTATCCA,6_leaf
Dx_CTAACCCTCAACCCGG,6_leaf
Dx_CTAACCCTCAAGTCGT,4_leaf
Dx_CTAACTTCAGGCATGA,4_leaf
Dx_CTAACTTTCTCTGAGA,4_leaf
Dx_CTAAGTGCAAGACGGT,4_leaf
Dx_CTAAGTGCATCCTTCG,4_leaf
Dx_CTAAGTGTCACCTTGC,6_leaf
Dx_CTAAGTGTCCGTGTCT,4_leaf
Dx_CTACAGAAGTCGGCCT,6_leaf
Dx_CTACAGACAGGTAGTG,4_leaf
Dx_CTACATTGTAGCGAGT,19_leaf
Dx_CTACATTTCGAACCTA,4_leaf
Dx_CTACCCACAGGTCTCG,4_leaf
Dx_CTACCCAGTTATCTGG,4_leaf
Dx_CTACCCATCAACGCTA,4_leaf
Dx_CTACCTGAGAGTTGCG,4_leaf
Dx_CTACCTGAGGTTCTAC,4_leaf
Dx_CTACCTGAGTATCTGC,6_leaf
Dx_CTACCTGGTTGGGTAG,4_leaf
Dx_CTACGGGAGTGATAAC,4_leaf
Dx_CTACGGGCAAAGCGTG,4_leaf
Dx_CTACGGGCAAGTCATC,6_leaf
Dx_CTACTATCACATGTTG,4_leaf
Dx_CTACTATTCTCGTCGT,4_leaf
Dx_CTAGACACAATCCTTT,18_leaf
Dx_CTAGACAGTCTCACAA,4_leaf
Dx_CTAGGTACATCCGAGC,6_leaf
Dx_CTAGGTAGTCCTTAAG,4_leaf
Dx_CTAGGTATCGAGATAA,4_leaf
Dx_CTAGGTATCTGAGAGG,4_leaf
Dx_CTATCCGAGGTTAGTA,6_leaf
Dx_CTATCCGTCTCCCTAG,10_leaf
Dx_CTATCTAAGCACTTTG,4_leaf
Dx_CTATCTAGTAGGCAGT,4_leaf
Dx_CTATCTATCCATCAGA,4_leaf
Dx_CTATCTATCCGAAGGA,4_leaf
Dx_CTCAACCGTAAGACCG,4_leaf
Dx_CTCAAGAAGACCACGA,4_leaf
Dx_CTCAAGAAGAGGTGCT,20_leaf
Dx_CTCAAGACAGCCGTTG,6_leaf
Dx_CTCAAGAGTCGAACGA,20_leaf
Dx_CTCAATTTCCACACAA,4_leaf
Dx_CTCACTGAGATGCTTC,4_leaf
Dx_CTCACTGGTCAGCTTA,6_leaf
Dx_CTCACTGTCCTCAGGG,6_leaf
Dx_CTCAGAAAGTGAACAT,6_leaf
Dx_CTCAGAACAGTTTCGA,11_leaf
Dx_CTCAGGGCACAACGAG,4_leaf
Dx_CTCAGGGCAGGTACGA,6_leaf
Dx_CTCAGGGCAGTAGTGG,4_leaf
Dx_CTCAGGGGTGGGTATG,6_leaf
Dx_CTCAGGGTCGCTCATC,4_leaf
Dx_CTCAGTCAGCGACCCT,4_leaf
Dx_CTCAGTCAGTTCCATG,6_leaf
Dx_CTCAGTCCATGGGTCC,26_leaf
Dx_CTCAGTCTCTGTTGGA,4_leaf
Dx_CTCATCGCAAGCCCAC,18_leaf
Dx_CTCATCGCACTTACAG,16_leaf
Dx_CTCATGCTCACTCGAA,4_leaf
Dx_CTCATTACAGCGTACC,6_leaf
Dx_CTCCAACAGCCAGTAG,20_leaf
Dx_CTCCAACTCGAACCTA,20_leaf
Dx_CTCCACAAGCTTAGTC,16_leaf
Dx_CTCCACACAACCACAT,23_leaf
Dx_CTCCACACACATGACT,6_leaf
Dx_CTCCACAGTACCCAGC,4_leaf
Dx_CTCCACAGTCGAGCAA,4_leaf
Dx_CTCCACAGTTCAATCG,26_leaf
Dx_CTCCACATCGTTCAGA,6_leaf
Dx_CTCCATGAGGATACGC,4_leaf
Dx_CTCCATGCACGGTGCT,4_leaf
Dx_CTCCATGCACTACCGG,4_leaf
Dx_CTCCATGGTTTCTTAC,6_leaf
Dx_CTCCCAACAGATTCGT,4_leaf
Dx_CTCCCTCCACGGCTAC,4_leaf
Dx_CTCCGATCAAACACGG,4_leaf
Dx_CTCCGATGTGAGGCAT,19_leaf
Dx_CTCCGATTCACTGCTC,6_leaf
Dx_CTCCGATTCCCATAAG,4_leaf
Dx_CTCCGATTCCTACGAA,4_leaf
Dx_CTCCGATTCTCATTGT,6_leaf
Dx_CTCCTCCAGGTCGACA,25_leaf
Dx_CTCCTCCTCCCATAGA,6_leaf
Dx_CTCCTTTAGCATATGA,6_leaf
Dx_CTCCTTTTCTCCGAAA,6_leaf
Dx_CTCCTTTTCTTACCAT,4_leaf
Dx_CTCGAGGAGTCTTGGT,4_leaf
Dx_CTCGAGGCATATACCG,4_leaf
Dx_CTCGAGGTCTGGACTA,6_leaf
Dx_CTCTCAGCAGACTCTA,4_leaf
Dx_CTCTCAGTCATGAGTC,6_leaf
Dx_CTCTCAGTCCCTAGGG,4_leaf
Dx_CTCTCAGTCTTTGCTA,6_leaf
Dx_CTCTCGATCAAACCCA,6_leaf
Dx_CTCTGGTTCGCTAAAC,4_leaf
Dx_CTGAATGAGGATGGCT,6_leaf
Dx_CTGAATGCACCAGACC,18_leaf
Dx_CTGAATGGTCTGTGAT,12_leaf
Dx_CTGAATGGTTGGACCC,11_leaf
Dx_CTGAATGTCCGTACGG,20_leaf
Dx_CTGAGGCCACCAGCCA,20_leaf
Dx_CTGAGGCTCTCGGTAA,11_leaf
Dx_CTGCAGGGTAAGATCA,4_leaf
Dx_CTGCAGGGTTACCCTC,4_leaf
Dx_CTGCATCAGCCGTTAT,6_leaf
Dx_CTGCCATAGACTAAGT,4_leaf
Dx_CTGCCTAGTGTTACAC,6_leaf
Dx_CTGCGAGGTCGCAGTC,6_leaf
Dx_CTGCGAGGTTCGAAGG,6_leaf
Dx_CTGCGAGTCAGCTTCC,4_leaf
Dx_CTGCGAGTCGGCTATA,10_leaf
Dx_CTGCTCAAGCGAGGAG,4_leaf
Dx_CTGCTCAAGGAACGTC,10_leaf
Dx_CTGCTCACACAGAGCA,4_leaf
Dx_CTGGACGCAATTGCAC,6_leaf
Dx_CTGGACGCATGTGACT,4_leaf
Dx_CTGGCAGTCGCCATAA,4_leaf
Dx_CTGGTCTAGCAACAAT,12_leaf
Dx_CTGGTCTAGGCTAGCA,6_leaf
Dx_CTGGTCTAGGTAAGGA,6_leaf
Dx_CTGGTCTCATCTGTTT,6_leaf
Dx_CTGGTCTGTGTTTCTT,4_leaf
Dx_CTGTACCAGAGTGACC,10_leaf
Dx_CTGTACCGTGTGTCGC,6_leaf
Dx_CTGTACCGTGTTCGAT,10_leaf
Dx_CTGTAGAAGGAGAATG,6_leaf
Dx_CTGTAGAAGTCGAAGC,19_leaf
Dx_CTGTAGACAATTCGTG,4_leaf
Dx_CTGTAGACAGTGGCTC,25_leaf
Dx_CTGTATTAGTTCATGC,4_leaf
Dx_CTGTATTGTACAGCGA,16_leaf
Dx_CTGTATTGTAGTTCCA,4_leaf
Dx_CTGTATTTCTCAACCC,6_leaf
Dx_CTGTCGTAGATTGCGG,4_leaf
Dx_CTGTCGTAGTGTTGTC,6_leaf
Dx_CTGTCGTCAGAGAAAG,6_leaf
Dx_CTGTCGTGTCCTGGGT,4_leaf
Dx_CTGTCGTGTGCCGTAC,4_leaf
Dx_CTGTCGTTCCGTCACT,12_leaf
Dx_CTGTGAAAGATACATG,4_leaf
Dx_CTGTGAACAGAACTTC,4_leaf
Dx_CTGTGAATCAAACCCA,4_leaf
Dx_CTGTGGGAGGCTGTAG,4_leaf
Dx_CTGTGGGAGGGTAGCT,11_leaf
Dx_CTGTGGGCACAATCTG,4_leaf
Dx_CTGTGGGCACCAGTTA,11_leaf
Dx_CTGTGGGCATCATTTC,6_leaf
Dx_CTTACCGAGACTCGAG,4_leaf
Dx_CTTACCGTCATGCAGT,4_leaf
Dx_CTTAGGAGTGTCCGGT,4_leaf
Dx_CTTCCGAAGTCTCCTC,6_leaf
Dx_CTTCCGAGTGTTGCCG,4_leaf
Dx_CTTCCTTCAATGAAAC,6_leaf
Dx_CTTCCTTCAGAACCGA,6_leaf
Dx_CTTCCTTTCGAGAATA,4_leaf
Dx_CTTCTAACAGTATGAA,6_leaf
Dx_CTTCTAAGTACCGTGC,10_leaf
Dx_CTTCTAAGTTGCAAGG,6_leaf
Dx_CTTCTAATCATATGGC,6_leaf
Dx_CTTCTCTAGAGCAGAA,26_leaf
Dx_CTTCTCTCATAAGATG,4_leaf
Dx_CTTCTCTGTTCTTGTT,6_leaf
Dx_CTTGAGAAGTCTCTGA,6_leaf
Dx_CTTGAGAGTGTTCAGT,4_leaf
Dx_CTTGAGATCCACGGGT,6_leaf
Dx_CTTGATTCACGGGCTT,4_leaf
Dx_CTTGATTCATGACCCG,4_leaf
Dx_CTTGATTTCCTCTAAT,4_leaf
Dx_CTTTCAACACTAACGT,4_leaf
Dx_CTTTCAATCACCGGTG,4_leaf
Dx_CTTTCGGCAGAGGTAC,4_leaf
Dx_CTTTCGGGTTCGAGCC,4_leaf
Dx_CTTTCGGGTTGGAGGT,6_leaf
Dx_GAAATGAAGTGACCTT,6_leaf
Dx_GAAATGAAGTGCCGAA,4_leaf
Dx_GAAATGAGTACCGTCG,4_leaf
Dx_GAACACTCAGGAACCA,4_leaf
Dx_GAACACTGTCGCCTAG,17_leaf
Dx_GAACACTTCCATGATG,6_leaf
Dx_GAACGTTAGCAACAGC,6_leaf
Dx_GAACGTTAGGCATCGA,20_leaf
Dx_GAACGTTAGTCAACAA,6_leaf
Dx_GAACGTTCACCTGTCT,6_leaf
Dx_GAACTGTAGCAAATGT,4_leaf
Dx_GAACTGTAGGTTGAGC,4_leaf
Dx_GAACTGTCAGTTGTTG,4_leaf
Dx_GAACTGTGTGAGAACC,4_leaf
Dx_GAACTGTTCGCCAGAC,4_leaf
Dx_GAAGAATAGGGTGGGA,6_leaf
Dx_GAAGAATGTCAGGAGT,25_leaf
Dx_GAAGCGAAGACTTCGT,4_leaf
Dx_GAAGCGACAAGCTACT,4_leaf
Dx_GAAGCGATCAGAATAG,6_leaf
Dx_GAAGGGTGTGTAAACA,6_leaf
Dx_GAAGGGTTCCGTGTAA,18_leaf
Dx_GAAGTAAAGCTACTGT,6_leaf
Dx_GAAGTAACATTCGGGC,6_leaf
Dx_GAAGTAAGTCCTGGTG,17_leaf
Dx_GAAGTAAGTGAAGCTG,6_leaf
Dx_GAATAGAGTGGGCTCT,4_leaf
Dx_GAATAGAGTGTCCACG,6_leaf
Dx_GAATAGAGTTCTCACC,6_leaf
Dx_GAATCACGTTCGTGCG,6_leaf
Dx_GAATCACTCAACTTTC,4_leaf
Dx_GAATCGTGTTTACGTG,4_leaf
Dx_GAATCGTTCTTCGACC,4_leaf
Dx_GACACGCAGAGGCGTT,6_leaf
Dx_GACACGCAGGTTTGAA,6_leaf
Dx_GACACGCTCACTAGCA,4_leaf
Dx_GACAGCCAGAGCTTTC,6_leaf
Dx_GACAGCCCATCCGGCA,4_leaf
Dx_GACATCAAGTGATAGT,4_leaf
Dx_GACCAATGTCCGCAGT,10_leaf
Dx_GACCCTTCATGCGGTC,4_leaf
Dx_GACCGTGTCTGCGAGC,4_leaf
Dx_GACCTTCCAAGAAATC,4_leaf
Dx_GACCTTCCAAGGTTGG,4_leaf
Dx_GACCTTCGTGTTGACT,4_leaf
Dx_GACCTTCTCCGCAGTG,10_leaf
Dx_GACGCTGAGCGGGTTA,4_leaf
Dx_GACGCTGAGTCAGCCC,6_leaf
Dx_GACGCTGGTAGGTACG,4_leaf
Dx_GACGCTGGTCTCCTGT,6_leaf
Dx_GACGCTGTCGGTCTAA,4_leaf
Dx_GACGCTGTCGGTCTGG,6_leaf
Dx_GACTATGAGAAGCTCG,6_leaf
Dx_GACTATGTCTCGTGAA,4_leaf
Dx_GACTCAAAGGGTACAC,6_leaf
Dx_GACTCAACAATTGAGA,4_leaf
Dx_GACTCAAGTTCGGGTC,4_leaf
Dx_GACTCAATCCGATTAG,4_leaf
Dx_GACTGATCAAAGACGC,4_leaf
Dx_GACTGATGTACTCGAT,4_leaf
Dx_GACTGATGTCGCGGTT,4_leaf
Dx_GACTTCCAGTGCCTCG,6_leaf
Dx_GACTTCCTCGTTATCT,6_leaf
Dx_GAGAAATCACACGTGC,10_leaf
Dx_GAGAAATCACGTTGGC,6_leaf
Dx_GAGAAATGTAGTATAG,6_leaf
Dx_GAGAAATGTATAGCTC,20_leaf
Dx_GAGAAATTCTGCTGAA,4_leaf
Dx_GAGACCCAGGCCTGCT,6_leaf
Dx_GAGACCCAGGGAGTTC,17_leaf
Dx_GAGACTTGTAGACGGT,26_leaf
Dx_GAGACTTTCACTACGA,20_leaf
Dx_GAGAGGTAGCCTCGTG,10_leaf
Dx_GAGAGGTTCATGCGGC,6_leaf
Dx_GAGCCTGCACGCCAGT,4_leaf
Dx_GAGCCTGCATACCATG,4_leaf
Dx_GAGCCTGGTTGCAACT,10_leaf
Dx_GAGCTGCAGTATGGCG,6_leaf
Dx_GAGCTGCCAGGCACAA,6_leaf
Dx_GAGCTGCTCGTCTCAC,6_leaf
Dx_GAGGCAAAGGGTTAAT,4_leaf
Dx_GAGGCAACACTTCATT,4_leaf
Dx_GAGGCAAGTAGATCCT,6_leaf
Dx_GAGGCCTAGAAACACT,6_leaf
Dx_GAGGGATAGCGCCCAT,4_leaf
Dx_GAGGGTACAAATACAG,6_leaf
Dx_GAGGGTAGTACCCAGC,6_leaf
Dx_GAGGGTAGTGGGTTGA,6_leaf
Dx_GAGGGTAGTTAAGTCC,4_leaf
Dx_GAGTCATCAGCTACTA,4_leaf
Dx_GAGTCATCAGTATACC,6_leaf
Dx_GAGTCATGTCCAGAAG,4_leaf
Dx_GAGTCATTCACTTTGT,4_leaf
Dx_GAGTCATTCCGTGACG,6_leaf
Dx_GAGTCATTCGTTGCCT,6_leaf
Dx_GAGTCTACATTGTAGC,6_leaf
Dx_GAGTCTAGTTTCGTTT,11_leaf
Dx_GAGTCTATCGAGCCTG,16_leaf
Dx_GAGTCTATCGCCCAGA,4_leaf
Dx_GAGTGAGAGGACCCAA,4_leaf
Dx_GAGTGAGGTTAACCTG,12_leaf
Dx_GAGTGTTGTACTGCGC,4_leaf
Dx_GAGTGTTGTAGATTGA,6_leaf
Dx_GAGTGTTGTAGCTGCC,6_leaf
Dx_GAGTGTTTCTACTCAT,4_leaf
Dx_GAGTTACCATTGGGAG,6_leaf
Dx_GAGTTACTCAGTGCGC,6_leaf
Dx_GAGTTGTCAAAGAGTT,6_leaf
Dx_GAGTTGTCAAGACAAT,4_leaf
Dx_GAGTTGTGTTGTAAAG,26_leaf
Dx_GAGTTGTTCACGACTA,4_leaf
Dx_GAGTTTGAGATGCCGA,4_leaf
Dx_GAGTTTGTCCATCCGT,4_leaf
Dx_GATAGAACACAAGCCC,4_leaf
Dx_GATAGAAGTTGAATCC,4_leaf
Dx_GATAGCTAGTACCATC,6_leaf
Dx_GATAGCTTCGAACCTA,4_leaf
Dx_GATCACAAGCACACCC,4_leaf
Dx_GATCAGTAGGTATCTC,4_leaf
Dx_GATCATGAGAGTCTGG,4_leaf
Dx_GATCATGAGCTGAGTG,6_leaf
Dx_GATCATGAGGCTCACC,16_leaf
Dx_GATCATGGTGCGTGCT,4_leaf
Dx_GATCCCTCACCTGCTT,23_leaf
Dx_GATCGTACACAGACGA,6_leaf
Dx_GATCGTATCGTTCTCG,19_leaf
Dx_GATCGTATCTTTGCAT,16_leaf
Dx_GATGACTAGAAACCCG,6_leaf
Dx_GATGACTAGAGAACCC,4_leaf
Dx_GATGACTAGGCTGAAC,18_leaf
Dx_GATGACTGTCCAAAGG,6_leaf
Dx_GATGACTGTGTTATCG,4_leaf
Dx_GATGACTGTTTGCCGG,18_leaf
Dx_GATGACTTCCAAGGGA,6_leaf
Dx_GATGACTTCTATCCAT,6_leaf
Dx_GATGAGGGTGTCCCTT,6_leaf
Dx_GATGAGGTCAAGAATG,4_leaf
Dx_GATGATCGTATGCGGA,6_leaf
Dx_GATGATCTCCACTTTA,4_leaf
Dx_GATGCTACAGGTACGA,4_leaf
Dx_GATGCTATCCGTCAAA,4_leaf
Dx_GATGGAGGTGATGTAA,6_leaf
Dx_GATGGAGTCGCCATAA,6_leaf
Dx_GATGTTGCATGTCTAG,4_leaf
Dx_GATGTTGGTATCCTTT,6_leaf
Dx_GATGTTGGTTGCTAGT,6_leaf
Dx_GATTCGAAGTAACAGT,23_leaf
Dx_GATTCGACACTGTGAT,6_leaf
Dx_GATTCGAGTACTCGAT,6_leaf
Dx_GATTCGATCCCGTAAA,20_leaf
Dx_GATTCTTAGCGAGTAC,10_leaf
Dx_GATTCTTGTATATGGA,4_leaf
Dx_GATTCTTTCCCGTGTT,19_leaf
Dx_GATTCTTTCCGATGCG,17_leaf
Dx_GATTCTTTCTTCGATT,4_leaf
Dx_GATTGGTGTGAGTAAT,4_leaf
Dx_GATTGGTTCTGCGAGC,6_leaf
Dx_GATTTCTTCGTCGATA,17_leaf
Dx_GCAACATCAAATTGCC,4_leaf
Dx_GCAACATCACGACGAA,6_leaf
Dx_GCAACATCAGTACTAC,4_leaf
Dx_GCAACATGTAACAGGC,4_leaf
Dx_GCAACATTCGGAGCAA,24_leaf
Dx_GCACATAAGCTATCCA,4_leaf
Dx_GCACATACACAGCTTA,6_leaf
Dx_GCACATAGTACTAAGA,18_leaf
Dx_GCACATAGTGTCCATA,17_leaf
Dx_GCACGGTCATAGCTGT,4_leaf
Dx_GCACGTGCACTGGCGT,6_leaf
Dx_GCACGTGCAGGATTCT,6_leaf
Dx_GCACTAAAGCAGAAAG,10_leaf
Dx_GCACTAACACTGGCCA,6_leaf
Dx_GCACTAACATTGCCTC,4_leaf
Dx_GCACTAATCCGAGGCT,6_leaf
Dx_GCAGCCACATCATTTC,6_leaf
Dx_GCAGCCAGTATCGAGG,12_leaf
Dx_GCAGCTGTCGCTTACC,17_leaf
Dx_GCAGGCTGTTCATCGA,4_leaf
Dx_GCAGGCTTCTATTGTC,16_leaf
Dx_GCATCGGAGGGTATAT,6_leaf
Dx_GCATCGGGTGTAGCAG,4_leaf
Dx_GCATCGGGTGTGAATA,6_leaf
Dx_GCATCTCAGAAATTCG,4_leaf
Dx_GCATCTCCAACATACC,6_leaf
Dx_GCATCTCCATCCCGTT,4_leaf
Dx_GCATCTCTCCACGTCT,10_leaf
Dx_GCATGATGTTCTCCCA,26_leaf
Dx_GCATGATTCGGCCAAC,6_leaf
Dx_GCATTAGGTCATCACA,4_leaf
Dx_GCATTAGGTTTCGTGA,4_leaf
Dx_GCATTAGTCATGGTAC,4_leaf
Dx_GCATTAGTCGCCATAA,6_leaf
Dx_GCCAACGAGAACTTCC,6_leaf
Dx_GCCAACGCACCGTGGT,6_leaf
Dx_GCCAGGTAGGCCCGTT,4_leaf
Dx_GCCAGGTCATCGATAC,6_leaf
Dx_GCCAGTGAGAGCATAT,4_leaf
Dx_GCCAGTGTCGGACCAC,4_leaf
Dx_GCCATGGTCCTTCGAC,20_leaf
Dx_GCCATTCAGTGAATAC,6_leaf
Dx_GCCCAGAAGACTAAGT,6_leaf
Dx_GCCCAGAAGAGGTTAT,6_leaf
Dx_GCCCAGACAAGAATAC,19_leaf
Dx_GCCCGAAAGCAACTCT,4_leaf
Dx_GCCCGAAAGCCGGATA,4_leaf
Dx_GCCCGAAAGGCACTAG,4_leaf
Dx_GCCCGAAAGGGCTTCC,25_leaf
Dx_GCCCGAATCGCCACTT,4_leaf
Dx_GCCCGAATCGTTCTAT,4_leaf
Dx_GCCCGAATCTCCGAAA,4_leaf
Dx_GCCGATGAGGATTCAA,4_leaf
Dx_GCCGATGAGTCCGTCG,6_leaf
Dx_GCCGATGTCATAGGCT,6_leaf
Dx_GCCGTGAAGGTCCAGA,6_leaf
Dx_GCCGTGAGTCAGACTT,18_leaf
Dx_GCCGTGATCTCGACGG,11_leaf
Dx_GCCTGTTGTTTCCATT,4_leaf
Dx_GCGATCGTCAGCTCTC,20_leaf
Dx_GCGGAAACATGGCGCT,20_leaf
Dx_GCGGATCAGCGACTTT,6_leaf
Dx_GCGGATCCAGTCTGGC,6_leaf
Dx_GCGGATCCATCCAATG,4_leaf
Dx_GCGGATCGTGCATGTT,4_leaf
Dx_GCGTGCAAGCTCTTCC,20_leaf
Dx_GCGTGCACAGCGGTCT,6_leaf
Dx_GCGTGCACAGCTACAT,6_leaf
Dx_GCGTGCAGTAGGTTTC,6_leaf
Dx_GCGTTTCGTGGTCCCA,24_leaf
Dx_GCTACAAAGAGTGTGC,6_leaf
Dx_GCTACAATCGCTTTAT,16_leaf
Dx_GCTACCTCACTACCCT,6_leaf
Dx_GCTACCTGTACGATCT,6_leaf
Dx_GCTACCTGTTATGGTC,10_leaf
Dx_GCTACCTGTTCTTCAT,4_leaf
Dx_GCTCAAAAGTGAGTGC,10_leaf
Dx_GCTCAAACATAATCGC,4_leaf
Dx_GCTCAAAGTCAAATCC,6_leaf
Dx_GCTCAAATCCATCACC,6_leaf
Dx_GCTGAATGTCATCAGT,4_leaf
Dx_GCTGAATGTCCAGAAG,11_leaf
Dx_GCTGCAGGTCGTCGGT,6_leaf
Dx_GCTGCAGGTGTATTCG,4_leaf
Dx_GCTGGGTCACAGTCCG,6_leaf
Dx_GCTGGGTTCGGTGTAT,17_leaf
Dx_GCTGGGTTCTTCTGGC,4_leaf
Dx_GCTTCACCAAGAGTAT,6_leaf
Dx_GCTTCACGTTATTCTC,16_leaf
Dx_GCTTCACGTTCTAAGC,4_leaf
Dx_GCTTCACTCTGGAGAG,4_leaf
Dx_GCTTGGGAGCAGGCAT,6_leaf
Dx_GCTTTCGCAGTATTCG,6_leaf
Dx_GCTTTCGGTATCGATC,4_leaf
Dx_GCTTTCGTCATCGACA,6_leaf
Dx_GGAACCCAGCAATAAC,4_leaf
Dx_GGAACCCAGTGTAGAT,17_leaf
Dx_GGAACCCCATCTAACG,4_leaf
Dx_GGAACCCTCGGCTATA,10_leaf
Dx_GGAACCCTCTCTCGCA,4_leaf
Dx_GGAAGTGAGGAGGGTG,6_leaf
Dx_GGAAGTGGTAGAGCTG,4_leaf
Dx_GGAAGTGTCCGTGACG,10_leaf
Dx_GGAATCTAGTGAGGCT,19_leaf
Dx_GGAATCTGTAGTCGGA,26_leaf
Dx_GGAATCTTCCATCTCG,6_leaf
Dx_GGAATGGAGCACTGGA,6_leaf
Dx_GGAATGGAGTCCTGTA,4_leaf
Dx_GGAATGGGTGTGGTCC,6_leaf
Dx_GGAATGGGTTGTCTAG,6_leaf
Dx_GGACGTCGTGGACAGT,4_leaf
Dx_GGAGAACAGCTCTATG,25_leaf
Dx_GGAGAACGTATACCTG,4_leaf
Dx_GGAGAACTCATGTCTT,4_leaf
Dx_GGAGATGAGATACTGA,4_leaf
Dx_GGAGATGCAGAGCCCT,4_leaf
Dx_GGAGCAACATTCTGTT,12_leaf
Dx_GGAGCAATCGATCCCT,26_leaf
Dx_GGAGCAATCGCGGTAC,6_leaf
Dx_GGAGCAATCTCCTGAC,16_leaf
Dx_GGAGGATAGGCTCCCA,4_leaf
Dx_GGAGGATAGGTTCCGC,4_leaf
Dx_GGAGGATCACTCCTTG,26_leaf
Dx_GGAGGATCAGAAACCG,6_leaf
Dx_GGAGGATGTTGTGTAC,6_leaf
Dx_GGAGGATTCATGTCTT,17_leaf
Dx_GGAGGTACAAGTCGTT,4_leaf
Dx_GGAGGTATCGTGCAGC,6_leaf
Dx_GGATCTAAGAAGCGCT,6_leaf
Dx_GGATCTAGTGATTCTG,4_leaf
Dx_GGATGTTGTGCTCTCT,4_leaf
Dx_GGATGTTTCAAGCCAT,6_leaf
Dx_GGATGTTTCCGTCAAA,20_leaf
Dx_GGCAGTCCATAACAGA,4_leaf
Dx_GGCAGTCGTCGATTCA,4_leaf
Dx_GGCAGTCGTTCGCGTG,6_leaf
Dx_GGCGTCAAGGACTTCT,4_leaf
Dx_GGCGTCACACAAGCAG,4_leaf
Dx_GGCGTCAGTACCCGAC,6_leaf
Dx_GGCGTCAGTACTGCCG,4_leaf
Dx_GGCGTCAGTTGCTCCT,20_leaf
Dx_GGCTGTGCACTGGATT,4_leaf
Dx_GGCTGTGCATCTAGAC,6_leaf
Dx_GGCTGTGTCGCTGCGA,10_leaf
Dx_GGCTTGGGTTCCTAAG,6_leaf
Dx_GGCTTGGGTTGCATAC,4_leaf
Dx_GGCTTGGTCAAGGAGC,6_leaf
Dx_GGCTTGGTCCAACCAA,4_leaf
Dx_GGCTTTCCACCACTGG,6_leaf
Dx_GGGAAGTCAGAGGTTG,6_leaf
Dx_GGGACAAAGGAAAGAC,6_leaf
Dx_GGGACAAGTATGATCC,6_leaf
Dx_GGGACCTGTGCATACT,6_leaf
Dx_GGGACTCGTCCCTGAG,6_leaf
Dx_GGGAGATGTTGCCGAC,4_leaf
Dx_GGGAGTAAGGTTTACC,6_leaf
Dx_GGGAGTAAGTTGGAAT,4_leaf
Dx_GGGAGTACAGGCTATT,4_leaf
Dx_GGGAGTACAGTGTGCC,6_leaf
Dx_GGGATCCAGTTCCGGC,4_leaf
Dx_GGGATCCGTTAAGTCC,6_leaf
Dx_GGGATGAAGGCTTTCA,11_leaf
Dx_GGGATGACAGCGTGCT,4_leaf
Dx_GGGATGAGTAGCTGCC,20_leaf
Dx_GGGATGATCCAATGCA,4_leaf
Dx_GGGATGATCGACATTG,4_leaf
Dx_GGGCCATCAGACCAAG,6_leaf
Dx_GGGCCATCATCACAGT,6_leaf
Dx_GGGCCATTCGAGTCTA,18_leaf
Dx_GGGCGTTAGCAGGTCA,6_leaf
Dx_GGGCGTTCAGCGTTGC,4_leaf
Dx_GGGCGTTGTAGAGACC,4_leaf
Dx_GGGCGTTTCTGCTTTA,6_leaf
Dx_GGGCTACAGAATGTTG,4_leaf
Dx_GGGCTACAGTTAGTGA,6_leaf
Dx_GGGCTCAGTAGCACGA,6_leaf
Dx_GGGCTCAGTTAGAGTA,6_leaf
Dx_GGGCTCATCGGAGATG,6_leaf
Dx_GGGTAGAAGGCAGTCA,6_leaf
Dx_GGGTAGAAGTCGGGAT,26_leaf
Dx_GGGTATTAGCGTTCCG,4_leaf
Dx_GGGTATTAGGACAAGA,6_leaf
Dx_GGGTCACAGGGCATGT,4_leaf
Dx_GGGTCACGTCCTCCTA,4_leaf
Dx_GGGTCACGTTGCACGC,6_leaf
Dx_GGGTCACTCTTGGCTC,23_leaf
Dx_GGGTGAAAGAGCAACC,4_leaf
Dx_GGGTGAAAGTGTTGTC,6_leaf
Dx_GGGTGAACAATAACCC,4_leaf
Dx_GGGTGTCCAGCTGTAT,12_leaf
Dx_GGGTTATGTCATCCGG,6_leaf
Dx_GGGTTTACAGCTATAC,6_leaf
Dx_GGGTTTATCATGCCCT,6_leaf
Dx_GGTAACTAGACGCCAA,4_leaf
Dx_GGTAACTCAATTGAAG,24_leaf
Dx_GGTAACTCAGCCGGTT,4_leaf
Dx_GGTAACTGTAGAGTTA,6_leaf
Dx_GGTAATCAGAACGTGC,6_leaf
Dx_GGTAATCAGCTTACGT,4_leaf
Dx_GGTAATCAGGCCATAG,4_leaf
Dx_GGTAATCCAACCAACT,4_leaf
Dx_GGTAATCGTCACAATC,4_leaf
Dx_GGTAATCTCCCGAGGT,6_leaf
Dx_GGTAGAGCAAACGAGC,6_leaf
Dx_GGTAGAGCATAAGCGG,6_leaf
Dx_GGTCACGAGCTCGTGC,4_leaf
Dx_GGTCACGAGGTCATAA,4_leaf
Dx_GGTCACGAGGTGTGAC,10_leaf
Dx_GGTCACGTCTACGCGG,20_leaf
Dx_GGTCTGGAGCATCTTG,6_leaf
Dx_GGTCTGGAGCTAGAAT,4_leaf
Dx_GGTCTGGCACGACTAT,4_leaf
Dx_GGTCTGGGTTACAGCT,4_leaf
Dx_GGTGAAGAGAGCTGAC,12_leaf
Dx_GGTGATTCATGTTCAG,4_leaf
Dx_GGTGATTGTGAGCAGT,4_leaf
Dx_GGTGGCTAGACGATAT,6_leaf
Dx_GGTGGCTCACGGTCTG,6_leaf
Dx_GGTGGCTGTAGTTAGA,4_leaf
Dx_GGTGTCGCATGGCTAT,4_leaf
Dx_GGTGTCGCATTCTCCG,6_leaf
Dx_GGTGTCGGTTTGAACC,6_leaf
Dx_GGTGTCGTCTTACTGT,17_leaf
Dx_GGTGTCGTCTTTCCGG,6_leaf
Dx_GGTGTTAAGCATTGTC,6_leaf
Dx_GGTGTTAAGCCAGTAG,4_leaf
Dx_GGTTAACAGATGCAGC,10_leaf
Dx_GGTTAACTCTCAATCT,19_leaf
Dx_GGTTCTCAGTGTGTTC,6_leaf
Dx_GGTTCTCCAGTAACGG,4_leaf
Dx_GGTTCTCGTAGGACTG,4_leaf
Dx_GGTTCTCGTCATTGCA,6_leaf
Dx_GGTTCTCTCGGAACTT,6_leaf
Dx_GGTTGTAGTCGAAGCA,4_leaf
Dx_GGTTGTAGTTGTGGCC,6_leaf
Dx_GGTTGTATCAGCGCGT,4_leaf
Dx_GTAACACAGCCTGAGA,6_leaf
Dx_GTAACACCACCATATG,6_leaf
Dx_GTAACCAAGCTGTTCA,6_leaf
Dx_GTAACCACATCGATAC,6_leaf
Dx_GTAACCAGTACGAAAT,6_leaf
Dx_GTAAGTCCAACCCTAA,4_leaf
Dx_GTAAGTCGTGCCGAAA,6_leaf
Dx_GTAAGTCGTTACAGCT,4_leaf
Dx_GTAATGCAGTGCCAGA,4_leaf
Dx_GTACAACAGTCAGCCC,4_leaf
Dx_GTACAACCAAGTTTGC,6_leaf
Dx_GTACAACCAGCTAACT,6_leaf
Dx_GTACAACTCCCTTGGT,6_leaf
Dx_GTACAGTAGCATCCTA,17_leaf
Dx_GTACAGTCAACCGATT,4_leaf
Dx_GTACAGTCACGCTGTG,6_leaf
Dx_GTAGAAAGTCGAAGCA,18_leaf
Dx_GTAGAGGGTACTCCGG,4_leaf
Dx_GTAGAGGTCAAGCCGC,6_leaf
Dx_GTAGATCAGACGTCGA,4_leaf
Dx_GTAGATCAGGTCGTGA,4_leaf
Dx_GTAGATCGTCAACGCC,16_leaf
Dx_GTAGATCGTCTCCCTA,4_leaf
Dx_GTAGATCTCTCCGTGT,6_leaf
Dx_GTAGCTACAACACACT,4_leaf
Dx_GTAGCTATCATCCTAT,6_leaf
Dx_GTAGGAGAGATGAAGG,12_leaf
Dx_GTAGGAGAGTATGCAA,6_leaf
Dx_GTAGGAGTCGAACCTA,4_leaf
Dx_GTAGGTTCAAGACGAC,20_leaf
Dx_GTAGGTTGTGCTCGTG,16_leaf
Dx_GTAGTACAGAAGCGAA,4_leaf
Dx_GTAGTACTCAGAGTTC,6_leaf
Dx_GTAGTACTCGGATACT,6_leaf
Dx_GTATTGGGTCTCAAGT,4_leaf
Dx_GTATTGGTCGGTCGGT,6_leaf
Dx_GTATTTCCAGAAATTG,11_leaf
Dx_GTATTTCCATTAAGCC,20_leaf
Dx_GTCAAACAGCATGCAG,12_leaf
Dx_GTCAAACTCAACACGT,6_leaf
Dx_GTCAAGTAGATTAGAC,11_leaf
Dx_GTCAAGTAGGGCAGGA,6_leaf
Dx_GTCAAGTGTATCAAGA,6_leaf
Dx_GTCAAGTTCAAAGGTA,6_leaf
Dx_GTCAAGTTCGGTGTAT,6_leaf
Dx_GTCAAGTTCTCGGCTT,6_leaf
Dx_GTCACTCAGTGATCGG,4_leaf
Dx_GTCAGCGCAAAGGAGA,4_leaf
Dx_GTCATCCAGTAGTCAA,16_leaf
Dx_GTCATCCTCGGTCTGG,4_leaf
Dx_GTCATGAAGCCGATTT,6_leaf
Dx_GTCATTTAGGAGATAG,16_leaf
Dx_GTCATTTAGTTGCGCC,6_leaf
Dx_GTCATTTAGTTGGACG,6_leaf
Dx_GTCATTTGTTCGTGCG,12_leaf
Dx_GTCATTTGTTCTCAGA,6_leaf
Dx_GTCATTTTCCGTCAAA,6_leaf
Dx_GTCCACTCAATCGAAA,6_leaf
Dx_GTCCACTTCACTCTTA,6_leaf
Dx_GTCCACTTCAGTGTCA,10_leaf
Dx_GTCCACTTCGTCAGAT,4_leaf
Dx_GTCCCATCATAGATGA,4_leaf
Dx_GTCCCATGTAGTCGGA,4_leaf
Dx_GTCCCATGTGGTTCTA,6_leaf
Dx_GTCCCATTCCACGTCT,20_leaf
Dx_GTCCCATTCTTCTAAC,6_leaf
Dx_GTCCTCAAGACATCAA,6_leaf
Dx_GTCCTCAGTCAATCTG,4_leaf
Dx_GTCCTCAGTCATGGCC,18_leaf
Dx_GTCGAATCAAAGCTAA,6_leaf
Dx_GTCGAATCAAGTTTGC,12_leaf
Dx_GTCGAATTCCAATCCC,4_leaf
Dx_GTCGAATTCTCTCAAT,20_leaf
Dx_GTCGCGACAAGTGGGT,6_leaf
Dx_GTCGCGACACGATTCA,10_leaf
Dx_GTCGCGACATATCTCT,6_leaf
Dx_GTCGCGAGTAGAAACT,4_leaf
Dx_GTCGCGATCAGAGCAG,6_leaf
Dx_GTCGTAAGTATCAGGG,4_leaf
Dx_GTCGTAAGTCATGCAT,4_leaf
Dx_GTCGTTCAGGAGCAAA,6_leaf
Dx_GTCGTTCCACCAGTAT,4_leaf
Dx_GTCGTTCCACCCTGAG,17_leaf
Dx_GTCGTTCTCTCGGTAA,4_leaf
Dx_GTCTACCAGGTGCAGT,6_leaf
Dx_GTCTACCAGGTTCCGC,10_leaf
Dx_GTCTACCCAACGCATT,6_leaf
Dx_GTCTACCTCCCAAGTA,4_leaf
Dx_GTCTACCTCCGAAATC,6_leaf
Dx_GTCTAGAGTCAAGTTC,6_leaf
Dx_GTCTAGATCATACGAC,4_leaf
Dx_GTCTCACAGCTTGTTG,4_leaf
Dx_GTCTCACTCTGCGGAC,16_leaf
Dx_GTCTGTCCACAGAGAC,6_leaf
Dx_GTCTTTAAGATCGCCC,4_leaf
Dx_GTCTTTAGTCGCATCG,4_leaf
Dx_GTCTTTATCCGAAATC,4_leaf
Dx_GTGACGCAGGGTCTTT,6_leaf
Dx_GTGACGCAGTACTCGT,18_leaf
Dx_GTGACGCCAATACGAA,4_leaf
Dx_GTGAGCCCAGGTATGG,6_leaf
Dx_GTGAGGACATATTCGG,6_leaf
Dx_GTGAGGAGTCACAGAG,20_leaf
Dx_GTGAGTTCAAATGCTC,6_leaf
Dx_GTGAGTTTCGAGCTGC,6_leaf
Dx_GTGATGTAGGTCGTCC,12_leaf
Dx_GTGATGTTCTTACACT,6_leaf
Dx_GTGATGTTCTTGGCTC,4_leaf
Dx_GTGCACGGTTGTTGCA,6_leaf
Dx_GTGCACGTCTATTCGT,6_leaf
Dx_GTGCAGCAGCATGAAT,26_leaf
Dx_GTGCGTGAGGGCTAAC,6_leaf
Dx_GTGCGTGCAGAACTCT,4_leaf
Dx_GTGCGTGTCTGTCGCT,6_leaf
Dx_GTGCTTCAGAAACTAC,6_leaf
Dx_GTGCTTCTCCAACACA,6_leaf
Dx_GTGGAAGCAAACCATC,17_leaf
Dx_GTGGAGAAGATGCTAA,6_leaf
Dx_GTGGAGAGTGAGCGAT,6_leaf
Dx_GTGGAGATCCAGTGTA,16_leaf
Dx_GTGGTTAAGCACACCC,6_leaf
Dx_GTGGTTATCTAGGCAT,4_leaf
Dx_GTGTAACCACCACTGG,4_leaf
Dx_GTGTAACCATTGTAGC,4_leaf
Dx_GTGTAACGTTGACTAC,6_leaf
Dx_GTGTAACTCATTCATC,16_leaf
Dx_GTGTAACTCGCCGATG,6_leaf
Dx_GTGTAACTCGCGATCG,23_leaf
Dx_GTGTAACTCTACCCAC,4_leaf
Dx_GTGTCCTAGATGGCGT,4_leaf
Dx_GTGTCCTGTAACGGTG,4_leaf
Dx_GTGTCCTGTCGTCGGT,4_leaf
Dx_GTGTCCTTCGCTAATG,4_leaf
Dx_GTGTGATAGCTTCGTA,4_leaf
Dx_GTGTGATCAACCACAT,6_leaf
Dx_GTGTGATCAGACCATT,6_leaf
Dx_GTGTGATTCCTTATCA,4_leaf
Dx_GTGTGATTCTTGGGCG,4_leaf
Dx_GTGTGGCAGGAACTCG,6_leaf
Dx_GTGTGGCCACCCAACG,6_leaf
Dx_GTGTGGCGTGGCTAGA,4_leaf
Dx_GTGTTAGAGTGAACAT,6_leaf
Dx_GTGTTAGCAGACAATA,6_leaf
Dx_GTGTTAGTCTGAGTCA,20_leaf
Dx_GTGTTCCTCGCCGTGA,4_leaf
Dx_GTGTTCCTCTTACTGT,6_leaf
Dx_GTTACAGAGTTCATGC,6_leaf
Dx_GTTACAGCACAGTGTT,10_leaf
Dx_GTTACAGTCGGTCTGG,16_leaf
Dx_GTTACCCAGGGCAATC,4_leaf
Dx_GTTACCCGTACTAAGA,4_leaf
Dx_GTTACGACATAATGAG,4_leaf
Dx_GTTACGAGTCTTAGTG,20_leaf
Dx_GTTACGATCAACACCA,4_leaf
Dx_GTTAGACCACACCTGG,6_leaf
Dx_GTTAGACCACTAGTAC,6_leaf
Dx_GTTAGACCAGGTACGA,6_leaf
Dx_GTTAGACCATCATCCC,18_leaf
Dx_GTTAGACGTTATGGTC,4_leaf
Dx_GTTAGTGAGAAGTCCG,6_leaf
Dx_GTTAGTGCATCAGTCA,6_leaf
Dx_GTTAGTGGTCCCGCAA,6_leaf
Dx_GTTATGGAGAGTCGAC,4_leaf
Dx_GTTATGGCACAACGAG,26_leaf
Dx_GTTATGGGTACAGAGC,4_leaf
Dx_GTTATGGGTACGCTAT,6_leaf
Dx_GTTATGGGTGTTTACG,6_leaf
Dx_GTTATGGTCTAGAGCT,4_leaf
Dx_GTTATGGTCTGAGAGG,26_leaf
Dx_GTTCATTAGTGGTGAC,4_leaf
Dx_GTTCATTGTTCCGCGA,11_leaf
Dx_GTTCATTTCCTCTAGC,6_leaf
Dx_GTTCCGTAGTTCTCTT,4_leaf
Dx_GTTCCGTGTTTACGAC,6_leaf
Dx_GTTCGCTAGAGCTTTC,26_leaf
Dx_GTTCGCTCATGACCCG,11_leaf
Dx_GTTCGCTGTCGTTGGC,4_leaf
Dx_GTTGAACAGCGGATCA,4_leaf
Dx_GTTGAACAGGTTGCCC,6_leaf
Dx_GTTGAACTCCAGCTCT,4_leaf
Dx_GTTGAACTCTAAGGAA,4_leaf
Dx_GTTGCGGAGTGAGGTC,4_leaf
Dx_GTTGCGGCAGGCATTT,6_leaf
Dx_GTTGCGGGTACTCAAC,4_leaf
Dx_GTTGCTCAGTCTGGTT,26_leaf
Dx_GTTGCTCCAACGGCCT,6_leaf
Dx_GTTGCTCCACACGTGC,4_leaf
Dx_GTTGCTCTCTGAGCAT,4_leaf
Dx_GTTGTAGAGACAGCTG,10_leaf
Dx_GTTGTAGTCCGATCGG,10_leaf
Dx_GTTGTCCAGGATATGT,11_leaf
Dx_GTTGTCCTCGGAAACG,4_leaf
Dx_GTTGTGAAGCCTCAGC,4_leaf
Dx_GTTGTGAGTAGTCGTT,6_leaf
Dx_GTTGTGATCCGGCAGT,10_leaf
Dx_GTTTACTAGGTTGAGC,20_leaf
Dx_GTTTACTAGTAGCAAT,6_leaf
Dx_GTTTACTTCGAATCCA,6_leaf
Dx_GTTTGGAAGGAACGTC,6_leaf
Dx_GTTTGGAAGGTGGTTG,17_leaf
Dx_GTTTGGACACTCACTC,6_leaf
Dx_GTTTGGAGTACTGTTG,12_leaf
Dx_TAACACGTCCGATTAG,20_leaf
Dx_TAACACGTCGGTTGTA,6_leaf
Dx_TAACCAGAGAGTTGTA,4_leaf
Dx_TAACCAGAGCATCCCG,10_leaf
Dx_TAACGACAGCCGGATA,4_leaf
Dx_TAACTTCAGGCGTTAG,6_leaf
Dx_TAACTTCCACTCCCTA,16_leaf
Dx_TAACTTCCACTTCTCG,6_leaf
Dx_TAACTTCCAGAAATTG,10_leaf
Dx_TAACTTCTCTTCTCAA,6_leaf
Dx_TAAGCACAGCAATAAC,6_leaf
Dx_TAAGCACCAGAAGTGC,6_leaf
Dx_TAAGCACCAGACCATT,6_leaf
Dx_TAAGCACTCTATGCCC,6_leaf
Dx_TAAGCCAAGATTGAGT,4_leaf
Dx_TAAGCCAAGGGAGTTC,4_leaf
Dx_TAAGCCAGTCAACGCC,4_leaf
Dx_TAAGCGTGTGCGGTAA,10_leaf
Dx_TAAGTCGGTGGCGTAA,4_leaf
Dx_TAAGTCGTCGAGCCAC,4_leaf
Dx_TAATCTCAGCTAATGA,12_leaf
Dx_TAATCTCCACTAGGCC,6_leaf
Dx_TAATCTCCAGTTGCGC,6_leaf
Dx_TAATCTCGTTATGGTC,18_leaf
Dx_TAATTCCGTAATCAAG,23_leaf
Dx_TAATTCCGTAATGCGG,6_leaf
Dx_TAATTCCGTAGCGCCT,6_leaf
Dx_TACAACGAGGGTCAAC,6_leaf
Dx_TACAACGCACTGGAAG,12_leaf
Dx_TACAACGGTGCACATT,10_leaf
Dx_TACAACGTCGTTGTTT,4_leaf
Dx_TACACCCAGGATTCCT,4_leaf
Dx_TACACCCGTCTCCCTA,4_leaf
Dx_TACAGGTAGTGCCCGT,10_leaf
Dx_TACAGGTCAAACTCTG,10_leaf
Dx_TACAGGTCAGTCGCTG,4_leaf
Dx_TACAGGTGTCCTCAGG,18_leaf
Dx_TACATTCCACAATGCT,4_leaf
Dx_TACCCACAGATGCCGA,10_leaf
Dx_TACCCACAGGCTGTAG,4_leaf
Dx_TACCCACAGTCGTCTA,6_leaf
Dx_TACCCACCATCCCACT,11_leaf
Dx_TACCGAACAAGGTTGG,19_leaf
Dx_TACCGAACAGATCACT,10_leaf
Dx_TACCGAAGTCACTGAT,6_leaf
Dx_TACCGGGGTGTGACCC,6_leaf
Dx_TACCGGGGTTGCCATA,6_leaf
Dx_TACCGGGTCTGGTGCG,6_leaf
Dx_TACCTCGGTATTTCTC,6_leaf
Dx_TACCTCGTCCTAGCTC,6_leaf
Dx_TACCTGCAGTCTGGTT,20_leaf
Dx_TACGCTCCACTATCCC,4_leaf
Dx_TACGCTCCAGCTGAAG,4_leaf
Dx_TACGGTACATCCGCGA,4_leaf
Dx_TACGGTATCTTCCGTG,4_leaf
Dx_TACGTCCCAATAGTCC,4_leaf
Dx_TACGTCCTCCAGTGCG,4_leaf
Dx_TACGTCCTCTTCTTCC,4_leaf
Dx_TACTGCCAGTATTCCG,6_leaf
Dx_TACTGCCCACAAGTGG,4_leaf
Dx_TACTGCCCACGCGGTT,6_leaf
Dx_TACTGCCGTCGATGCC,6_leaf
Dx_TACTGCCGTGGTCTCG,20_leaf
Dx_TACTGCCTCCAGCACG,4_leaf
Dx_TACTTACGTATCAAGA,4_leaf
Dx_TACTTACTCGCGTAGC,6_leaf
Dx_TACTTCAAGAGTGTGC,4_leaf
Dx_TACTTCAAGATTGTGA,6_leaf
Dx_TACTTCAAGGTGCTGA,6_leaf
Dx_TACTTCAGTCTTTCTA,18_leaf
Dx_TACTTCATCCAAGCAT,4_leaf
Dx_TACTTCATCTCCTGTG,4_leaf
Dx_TACTTGTCATCTAACG,10_leaf
Dx_TAGACCAAGATTGGGC,6_leaf
Dx_TAGACCACACTCGATA,6_leaf
Dx_TAGACCACACTGATTG,4_leaf
Dx_TAGACCACAGTTTCAG,4_leaf
Dx_TAGACCAGTCGCACAC,4_leaf
Dx_TAGATCGCACGACCTG,4_leaf
Dx_TAGATCGCAGATTAAG,4_leaf
Dx_TAGATCGCAGGTCAGA,4_leaf
Dx_TAGATCGCATCCCGTT,6_leaf
Dx_TAGATCGTCGCTTGCT,4_leaf
Dx_TAGCACAAGAATCGAT,26_leaf
Dx_TAGCACACAACCAGAG,6_leaf
Dx_TAGGAGGAGTCGTCTA,4_leaf
Dx_TAGGAGGAGTTACTCG,6_leaf
Dx_TAGGAGGCAAGTCATC,6_leaf
Dx_TAGGAGGCACCAAATC,6_leaf
Dx_TAGGAGGTCCACGTCT,20_leaf
Dx_TAGGGTTGTCCAGCCA,6_leaf
Dx_TAGGGTTTCTTCGTGC,6_leaf
Dx_TAGGTACCACCGAATT,4_leaf
Dx_TAGGTACCAGGCATGA,20_leaf
Dx_TAGGTACGTAGCTAAA,18_leaf
Dx_TAGGTTGAGCACAAAT,4_leaf
Dx_TAGGTTGCAAGAGGTC,4_leaf
Dx_TAGGTTGCACAGACGA,4_leaf
Dx_TAGGTTGGTAAGCTCT,4_leaf
Dx_TAGGTTGGTTATGACC,6_leaf
Dx_TAGGTTGGTTCCGCTT,26_leaf
Dx_TAGGTTGTCTACTGCC,4_leaf
Dx_TAGTGCACAAATCAAG,4_leaf
Dx_TATACCTAGTAGAATC,6_leaf
Dx_TATACCTCAACTGTGT,6_leaf
Dx_TATACCTCATCCGCGA,4_leaf
Dx_TATACCTCATTGTACG,6_leaf
Dx_TATACCTTCATACGGT,10_leaf
Dx_TATACCTTCCCTTGGT,4_leaf
Dx_TATACCTTCTGGGCCA,4_leaf
Dx_TATATCCAGTAGATCA,6_leaf
Dx_TATATCCCAAGACCTT,6_leaf
Dx_TATATCCGTCAGTCTA,4_leaf
Dx_TATATCCTCGGACTGC,20_leaf
Dx_TATCAGGAGACCTCCG,6_leaf
Dx_TATCAGGGTCCATAGT,6_leaf
Dx_TATCCTATCAGTCAGT,26_leaf
Dx_TATCCTATCGGCTGAC,4_leaf
Dx_TATCGCCAGGTAACTA,6_leaf
Dx_TATCGCCGTTTACTTC,6_leaf
Dx_TATCGCCTCCACAGCG,20_leaf
Dx_TATCGCCTCGATTGGT,20_leaf
Dx_TATCTGTGTATTTCTC,12_leaf
Dx_TATCTGTTCGGCTTCT,12_leaf
Dx_TATCTGTTCGTGGTAT,6_leaf
Dx_TATCTGTTCTGTCCCA,12_leaf
Dx_TATCTTGAGAGCAGAA,6_leaf
Dx_TATCTTGCACGACGCT,4_leaf
Dx_TATCTTGTCATCCCGT,6_leaf
Dx_TATCTTGTCCGCGATG,6_leaf
Dx_TATCTTGTCGTTACCC,4_leaf
Dx_TATGTTCAGGATCATA,10_leaf
Dx_TATGTTCAGGCTTCCG,4_leaf
Dx_TATGTTCCAGTCCCGA,26_leaf
Dx_TATGTTCGTCTGCAAT,4_leaf
Dx_TATGTTCTCAGGGATG,6_leaf
Dx_TATGTTCTCCCAGGCA,6_leaf
Dx_TATTCCAAGTACTGTC,4_leaf
Dx_TATTCCACATCTCCCA,16_leaf
Dx_TATTCCAGTTGCATAC,4_leaf
Dx_TATTGCTGTAACGATA,23_leaf
Dx_TATTGGGAGTGATTCC,6_leaf
Dx_TATTGGGGTCAGGTAG,10_leaf
Dx_TATTTCGCAATCCTTT,6_leaf
Dx_TATTTCGGTACTCGTA,20_leaf
Dx_TATTTCGTCTTCGATT,4_leaf
Dx_TCAAGACCAGGACGAT,16_leaf
Dx_TCAAGACGTAGTCTTG,4_leaf
Dx_TCAAGCAAGCACTCCG,6_leaf
Dx_TCAAGCACACAGTACT,4_leaf
Dx_TCAAGCAGTGAATTAG,4_leaf
Dx_TCAAGCATCGCCACTT,4_leaf
Dx_TCAAGTGAGAGTGTGC,4_leaf
Dx_TCAAGTGAGCATTGTC,6_leaf
Dx_TCAAGTGAGCTGTGCC,4_leaf
Dx_TCAAGTGCAATCCTTT,26_leaf
Dx_TCAAGTGCATTGCAAC,16_leaf
Dx_TCAAGTGGTAAGGAGA,4_leaf
Dx_TCAAGTGTCCACACAA,4_leaf
Dx_TCAATCTAGATCACCT,6_leaf
Dx_TCAATCTCAGTTGTTG,6_leaf
Dx_TCACACCCAGCTACCG,4_leaf
Dx_TCACACCCATGCTGCG,6_leaf
Dx_TCACACCTCCTTCTAA,6_leaf
Dx_TCACATTTCACCTACC,4_leaf
Dx_TCACGCTAGAACTGAT,4_leaf
Dx_TCACGCTAGCAGGCAT,6_leaf
Dx_TCACGCTCAATAGGAT,4_leaf
Dx_TCACGCTCACTACTTT,4_leaf
Dx_TCACGCTTCTCCAATT,6_leaf
Dx_TCACGGGAGTCATGAA,12_leaf
Dx_TCACGGGGTCTGCCTT,16_leaf
Dx_TCACTATAGGATAATC,4_leaf
Dx_TCACTATAGGCGTCCT,6_leaf
Dx_TCACTATAGGTCTACT,6_leaf
Dx_TCACTATAGTTTGAGA,16_leaf
Dx_TCACTATTCATCACCC,4_leaf
Dx_TCACTCGAGCTTAGTC,4_leaf
Dx_TCACTCGCAAGCTGCC,6_leaf
Dx_TCACTCGCATAGGTTC,16_leaf
Dx_TCACTCGGTGCATCTA,6_leaf
Dx_TCACTCGTCTCCGAAA,4_leaf
Dx_TCAGCAAAGCCTGAGA,10_leaf
Dx_TCAGCAAAGGCCATAG,16_leaf
Dx_TCAGCAACAAAGTATG,4_leaf
Dx_TCAGCAAGTGGTTCTA,25_leaf
Dx_TCAGCAAGTTTCACTT,18_leaf
Dx_TCAGGGCCAACAAAGT,4_leaf
Dx_TCAGGGCGTTCGGCTG,6_leaf
Dx_TCAGGGCTCCGTAGGC,4_leaf
Dx_TCAGGTATCGGAAACG,19_leaf
Dx_TCAGTCCAGCATCAGG,17_leaf
Dx_TCAGTCCGTACTGCGC,4_leaf
Dx_TCAGTCCTCTTGATTC,6_leaf
Dx_TCAGTTTAGGTAAGTT,4_leaf
Dx_TCAGTTTCAAAGTGTA,6_leaf
Dx_TCAGTTTGTCAGTCTA,4_leaf
Dx_TCAGTTTTCTCGCTCA,6_leaf
Dx_TCATACTAGACCCTTA,10_leaf
Dx_TCATACTAGCTGCCTG,4_leaf
Dx_TCATACTCACCCTCTA,6_leaf
Dx_TCATACTTCCGGCTTT,11_leaf
Dx_TCATATCAGCTCCGAC,18_leaf
Dx_TCATATCCAGTGTATC,11_leaf
Dx_TCATATCTCCGATAGT,10_leaf
Dx_TCATATCTCTTCCGTG,26_leaf
Dx_TCATATCTCTTCTAAC,4_leaf
Dx_TCATCATCAACACGAG,16_leaf
Dx_TCATCATTCACTGAAC,12_leaf
Dx_TCATCCGAGAGCCCAA,11_leaf
Dx_TCATCCGAGGACACTG,6_leaf
Dx_TCATCCGCACTTCAAG,6_leaf
Dx_TCATCCGGTAGCACAG,6_leaf
Dx_TCATGAGCACTTGGCG,20_leaf
Dx_TCATGAGTCCTGTAAG,6_leaf
Dx_TCATGAGTCTATCCAT,6_leaf
Dx_TCATGCCAGCTAGAGC,6_leaf
Dx_TCATGGACAATTAGGA,6_leaf
Dx_TCATGGAGTCTCCTGT,4_leaf
Dx_TCATGGATCCTTCGAC,4_leaf
Dx_TCATGTTAGCACTCCG,6_leaf
Dx_TCATTCAAGCGAATGC,6_leaf
Dx_TCATTCAAGGCTCTAT,23_leaf
Dx_TCATTCAAGTCCCGGT,4_leaf
Dx_TCATTCAGTGTTGACT,6_leaf
Dx_TCATTGTAGTTACTCG,6_leaf
Dx_TCATTGTTCGAAATCC,4_leaf
Dx_TCATTGTTCTCCAATT,10_leaf
Dx_TCATTGTTCTCCTGAC,6_leaf
Dx_TCATTTGTCATTCACT,6_leaf
Dx_TCATTTGTCCATAGAC,4_leaf
Dx_TCATTTGTCCGCGGAT,23_leaf
Dx_TCCACCAAGAGTCCGA,6_leaf
Dx_TCCAGAAAGAACGTGC,4_leaf
Dx_TCCAGAAAGGGTAATT,6_leaf
Dx_TCCATCGGTGTGTGGA,6_leaf
Dx_TCCATGCAGGTGATAT,20_leaf
Dx_TCCATGCTCATTCGGA,6_leaf
Dx_TCCATGCTCCATTGGA,4_leaf
Dx_TCCATGCTCTACTGCC,6_leaf
Dx_TCCCACATCATTCACT,6_leaf
Dx_TCCCAGTAGGTACTGG,4_leaf
Dx_TCCCAGTCAGAGTCTT,6_leaf
Dx_TCCCAGTTCGTCGCTT,20_leaf
Dx_TCCCATGGTGCAGATG,4_leaf
Dx_TCCCATGGTTGACTGT,6_leaf
Dx_TCCCATGTCCGGTAAT,4_leaf
Dx_TCCGAAACAAAGGGTC,6_leaf
Dx_TCCGAAAGTCGCCTAG,6_leaf
Dx_TCCGATCAGCACCCAC,20_leaf
Dx_TCCGATCGTCACGCTG,4_leaf
Dx_TCCGATCGTGCTTCAA,4_leaf
Dx_TCCGGGATCGGCTTGG,4_leaf
Dx_TCCGGGATCTCCTACG,19_leaf
Dx_TCCGTGTCAGAGAATT,4_leaf
Dx_TCCGTGTTCGTTACCC,26_leaf
Dx_TCCTAATAGCGTGAGT,23_leaf
Dx_TCCTAATAGGTATAGT,11_leaf
Dx_TCCTAATAGTTCATGC,4_leaf
Dx_TCCTAATTCAGCGTCG,4_leaf
Dx_TCCTCCCTCAGTCACA,18_leaf
Dx_TCCTCCCTCCCTCTAG,4_leaf
Dx_TCCTCGACAACACGAG,6_leaf
Dx_TCCTCTTCACAGGATG,16_leaf
Dx_TCCTCTTGTCCGGTCA,4_leaf
Dx_TCCTGCAGTTCGGCGT,4_leaf
Dx_TCCTGCATCATGTCTT,26_leaf
Dx_TCCTTCTAGGTTCACT,10_leaf
Dx_TCCTTCTCATACTTTC,6_leaf
Dx_TCCTTCTGTAGAAACT,4_leaf
Dx_TCCTTTCTCCAAAGGG,4_leaf
Dx_TCGAAGTCAACCAACT,6_leaf
Dx_TCGACCTAGGTCGTAG,4_leaf
Dx_TCGACCTCACTCCGGA,6_leaf
Dx_TCGACCTGTATCTCTT,20_leaf
Dx_TCGACCTGTGACGCCT,6_leaf
Dx_TCGACCTGTTATCCAG,6_leaf
Dx_TCGACGGGTCGTATTG,4_leaf
Dx_TCGACGGTCACACGAT,24_leaf
Dx_TCGATTTCAAGTGTCT,19_leaf
Dx_TCGATTTCATCACCAA,6_leaf
Dx_TCGATTTCATGACGTT,4_leaf
Dx_TCGATTTTCCACAAGT,23_leaf
Dx_TCGCACTCAATTGAAG,4_leaf
Dx_TCGCACTGTCGCATGC,6_leaf
Dx_TCGCACTGTGCGGATA,6_leaf
Dx_TCGCACTTCAAAGGAT,4_leaf
Dx_TCGCACTTCCTACGGG,6_leaf
Dx_TCGCAGGAGTGCACCC,6_leaf
Dx_TCGCAGGCAACAAGAT,6_leaf
Dx_TCGCAGGGTGATTCAC,23_leaf
Dx_TCGCTCAAGGCCACCT,26_leaf
Dx_TCGCTCAGTCCCTCAT,6_leaf
Dx_TCGCTCAGTTATCCAG,10_leaf
Dx_TCGCTTGGTCCACAGC,4_leaf
Dx_TCGCTTGGTTTACGTG,6_leaf
Dx_TCGGATAGTTAAAGTG,6_leaf
Dx_TCGGATATCACGTCCT,4_leaf
Dx_TCGGGACTCGACGATT,20_leaf
Dx_TCGGGCAGTGGCCACT,6_leaf
Dx_TCGGGTGCACTGGATT,20_leaf
Dx_TCGGGTGCATGGAATA,6_leaf
Dx_TCGGGTGGTCATCCCT,6_leaf
Dx_TCGTAGAGTAGCCAGA,6_leaf
Dx_TCGTCCACAACGACTT,6_leaf
Dx_TCGTCCACACGCCACA,6_leaf
Dx_TCGTCCAGTGACAGCA,6_leaf
Dx_TCGTCCATCGAGAACG,6_leaf
Dx_TCGTCCATCGAGTGGA,6_leaf
Dx_TCGTGCTCAACTGGTT,6_leaf
Dx_TCGTGCTTCATCGCAA,4_leaf
Dx_TCGTGGGCACTGAGTT,6_leaf
Dx_TCTAACTAGCTAGATA,4_leaf
Dx_TCTAACTGTAGGCTCC,4_leaf
Dx_TCTAACTTCACATTGG,6_leaf
Dx_TCTACATAGCCGGATA,20_leaf
Dx_TCTACATAGGCGCTCT,10_leaf
Dx_TCTACATGTATTGCCA,4_leaf
Dx_TCTACATGTCATGGCC,4_leaf
Dx_TCTACCGCATAGGTAA,6_leaf
Dx_TCTACCGTCTCTTAAC,6_leaf
Dx_TCTATACCAATCGAAA,4_leaf
Dx_TCTATACGTAGACAAT,23_leaf
Dx_TCTATACGTCGTGATT,6_leaf
Dx_TCTATACTCTTTCCGG,4_leaf
Dx_TCTATCAAGAATTTGG,16_leaf
Dx_TCTATCAAGGTCCCGT,4_leaf
Dx_TCTATCATCTTCCCGA,6_leaf
Dx_TCTCACGAGATCGACG,4_leaf
Dx_TCTCACGCACCAGACC,4_leaf
Dx_TCTCACGGTTTCGACA,4_leaf
Dx_TCTCAGCCAAGATGGC,6_leaf
Dx_TCTCAGCGTCAGGTAG,6_leaf
Dx_TCTCAGCGTGATTCTG,6_leaf
Dx_TCTCCGACAATCAAGA,4_leaf
Dx_TCTCCGATCCCTCATG,6_leaf
Dx_TCTCTGGGTAACAAGT,6_leaf
Dx_TCTCTGGGTCGTACAT,6_leaf
Dx_TCTGCCAAGGAGAGTA,6_leaf
Dx_TCTGCCAGTCAAGCCC,4_leaf
Dx_TCTGGCTAGCATCCCG,6_leaf
Dx_TCTGGCTTCCAACCGG,18_leaf
Dx_TCTGGCTTCCGAGCTG,4_leaf
Dx_TCTTAGTCATGCGGTC,6_leaf
Dx_TCTTAGTGTTCAAGTC,4_leaf
Dx_TCTTAGTTCAGAGTTC,4_leaf
Dx_TCTTCCTAGCTTCTAG,10_leaf
Dx_TCTTCCTCATCCGATA,17_leaf
Dx_TCTTCCTGTAGCGATG,6_leaf
Dx_TCTTGCGAGAGCCGAT,4_leaf
Dx_TCTTGCGCACCAAAGG,4_leaf
Dx_TCTTGCGGTGTTAAAG,6_leaf
Dx_TCTTGCGTCTTAATCC,4_leaf
Dx_TCTTTGAAGTGTTCAC,20_leaf
Dx_TCTTTGAGTACAGCGA,4_leaf
Dx_TCTTTGAGTTACCCTC,4_leaf
Dx_TCTTTGATCACGGGAA,4_leaf
Dx_TCTTTGATCCTTCTAA,10_leaf
Dx_TCTTTGATCGTGCGAC,4_leaf
Dx_TGAACGTGTCTTTCAT,20_leaf
Dx_TGAACGTTCATCACCC,16_leaf
Dx_TGAATCGGTGATGGCA,6_leaf
Dx_TGACAGTAGGCGAAGG,4_leaf
Dx_TGACAGTTCACCTGGG,20_leaf
Dx_TGACAGTTCGCGGTAC,6_leaf
Dx_TGACCCTCAACACGAG,26_leaf
Dx_TGACCCTGTTAATGAG,25_leaf
Dx_TGACCCTGTTGTGTTG,4_leaf
Dx_TGACCCTGTTTGATCG,6_leaf
Dx_TGACCCTTCTGCGATA,16_leaf
Dx_TGACGCGAGAGAGTGA,4_leaf
Dx_TGACGCGAGGACAGCT,6_leaf
Dx_TGACGCGGTATGCTTG,10_leaf
Dx_TGACGCGTCCTTCACG,6_leaf
Dx_TGACTCCAGGACTTCT,4_leaf
Dx_TGACTCCGTGGAACAC,6_leaf
Dx_TGACTCCTCCCTCAAC,4_leaf
Dx_TGAGACTAGCACGTCC,12_leaf
Dx_TGAGCATCATCCTTCG,4_leaf
Dx_TGAGCATGTACCCGCA,4_leaf
Dx_TGAGCATGTAGCTGTT,4_leaf
Dx_TGAGCATGTAGGTCAG,20_leaf
Dx_TGAGCATGTGGACTGA,4_leaf
Dx_TGAGCATTCACTTCTA,23_leaf
Dx_TGAGCGCAGTGCGACA,4_leaf
Dx_TGAGCGCGTAGTCCTA,4_leaf
Dx_TGAGCGCGTGAATGTA,4_leaf
Dx_TGAGCGCTCATGCAGT,4_leaf
Dx_TGAGGAGGTAACAGTA,4_leaf
Dx_TGAGGAGGTAGGCTGA,6_leaf
Dx_TGAGGAGTCCCTCTTT,6_leaf
Dx_TGAGGGACACTGCGAC,6_leaf
Dx_TGAGGGAGTATTCTCT,24_leaf
Dx_TGAGGTTTCGGTGAAG,20_leaf
Dx_TGAGGTTTCTGCGATA,10_leaf
Dx_TGAGTCAGTTGGTGTT,6_leaf
Dx_TGATCAGAGAGAGGGC,6_leaf
Dx_TGATCAGAGTCAACAA,10_leaf
Dx_TGATCAGAGTCATACC,4_leaf
Dx_TGATCAGCAGAGTTGG,6_leaf
Dx_TGATCTTAGCGGCTCT,6_leaf
Dx_TGATCTTGTCTAATCG,4_leaf
Dx_TGATCTTTCCCTTGGT,18_leaf
Dx_TGATGCACAACAGCCC,4_leaf
Dx_TGATGCACACGGTCTG,26_leaf
Dx_TGATGCAGTATACGGG,4_leaf
Dx_TGATGCATCCACACCT,19_leaf
Dx_TGATGGTCAATCTCGA,6_leaf
Dx_TGATGGTCACCCTTAC,4_leaf
Dx_TGATGGTCAGGTCCGT,6_leaf
Dx_TGATTCTAGCCTCTTC,4_leaf
Dx_TGATTTCAGATAACGT,6_leaf
Dx_TGATTTCTCCATCAGA,6_leaf
Dx_TGATTTCTCTGGGATT,4_leaf
Dx_TGATTTCTCTTTACAC,4_leaf
Dx_TGCACGGCACAGAGCA,6_leaf
Dx_TGCAGGCGTTATAGAG,6_leaf
Dx_TGCAGTAAGAATAACC,6_leaf
Dx_TGCAGTAAGGTTGTTC,19_leaf
Dx_TGCAGTATCCTCTCGA,6_leaf
Dx_TGCAGTATCTGGCCGA,18_leaf
Dx_TGCATCCCACGTAACT,6_leaf
Dx_TGCATCCCATAACGGG,4_leaf
Dx_TGCATCCCATGAGATA,6_leaf
Dx_TGCATGAAGCAGAAAG,4_leaf
Dx_TGCATGAAGTCACGCC,6_leaf
Dx_TGCATGACACTCACTC,6_leaf
Dx_TGCATGAGTTATGACC,6_leaf
Dx_TGCCGAGCAACGTAAA,4_leaf
Dx_TGCCGAGTCACTGTTT,6_leaf
Dx_TGCGACGGTCGACTTA,6_leaf
Dx_TGCGACGGTCTTGCTC,26_leaf
Dx_TGCGACGTCAGTGTGT,17_leaf
Dx_TGCGACGTCGTTACCC,6_leaf
Dx_TGCGATAAGGATTACA,18_leaf
Dx_TGCGATAGTACTCCGG,6_leaf
Dx_TGCGGCAGTTGGCCTG,6_leaf
Dx_TGCGGCATCGTAGAGG,4_leaf
Dx_TGCGGCATCTGCGGAC,6_leaf
Dx_TGCGGGTAGTAGGTTA,6_leaf
Dx_TGCTCCAGTAAGCTCT,12_leaf
Dx_TGCTCCATCACCTACC,6_leaf
Dx_TGCTCGTGTTGTTTGG,4_leaf
Dx_TGCTGAACACAATCTG,4_leaf
Dx_TGCTGAATCCATCTGC,6_leaf
Dx_TGCTGAATCTCTGCCA,4_leaf
Dx_TGCTTCGAGACGCAGT,6_leaf
Dx_TGCTTCGCACTGCGAC,24_leaf
Dx_TGCTTCGCATGAATAG,6_leaf
Dx_TGCTTCGGTCGCGGTT,6_leaf
Dx_TGCTTCGGTTACGGAG,4_leaf
Dx_TGCTTGCAGGATGTTA,4_leaf
Dx_TGCTTGCCACTACGGC,4_leaf
Dx_TGCTTGCGTTGCCAAT,4_leaf
Dx_TGGAACTAGTGTAGTA,6_leaf
Dx_TGGAACTCACATACGT,12_leaf
Dx_TGGAACTCATAGCTGT,18_leaf
Dx_TGGAACTGTAGCCCTG,4_leaf
Dx_TGGAACTGTGATCGTT,6_leaf
Dx_TGGAGAGCAGTATGAA,10_leaf
Dx_TGGAGAGTCCTCACTG,4_leaf
Dx_TGGAGGAAGCACGGAT,6_leaf
Dx_TGGAGGAAGTCGAAGC,4_leaf
Dx_TGGAGGAGTATCCCAA,23_leaf
Dx_TGGAGGAGTCCGGATC,4_leaf
Dx_TGGATGTTCCGCGAGT,4_leaf
Dx_TGGATGTTCTCTGACC,6_leaf
Dx_TGGCGTGCAATAACCC,6_leaf
Dx_TGGCGTGTCGGTTCAA,6_leaf
Dx_TGGGAAGAGAAGGATG,6_leaf
Dx_TGGGAAGAGTGGAATT,4_leaf
Dx_TGGGAAGGTCTGATAC,4_leaf
Dx_TGGGAAGGTTCGTTCC,6_leaf
Dx_TGGGAGAAGACCATTC,4_leaf
Dx_TGGGAGACACCTCTGT,6_leaf
Dx_TGGGAGACAGATACCT,6_leaf
Dx_TGGGAGAGTAGTCGGA,25_leaf
Dx_TGGGAGATCTCCGAAA,4_leaf
Dx_TGGGCGTGTGGTTTAC,4_leaf
Dx_TGGGCGTTCCTAGCGG,18_leaf
Dx_TGGGCTGAGCGAGGAG,23_leaf
Dx_TGGGCTGAGGTCCAGA,4_leaf
Dx_TGGGCTGGTTCGGTTA,4_leaf
Dx_TGGGCTGTCTAGACCA,6_leaf
Dx_TGGTACATCATGGATC,6_leaf
Dx_TGGTACATCCACTTCG,4_leaf
Dx_TGGTAGTGTCCACACG,6_leaf
Dx_TGGTAGTGTGGTCTTA,4_leaf
Dx_TGGTAGTTCAACGTGT,4_leaf
Dx_TGGTGATCACAATGTC,4_leaf
Dx_TGGTTAGCACAATGAA,17_leaf
Dx_TGGTTAGTCTGTAACG,20_leaf
Dx_TGTAACGAGATTGATG,6_leaf
Dx_TGTAACGAGCTGTTCA,6_leaf
Dx_TGTAAGCCACGTACTA,26_leaf
Dx_TGTAAGCTCCGCACTT,4_leaf
Dx_TGTACAGAGTAAACTG,4_leaf
Dx_TGTAGACGTGCTGCAC,4_leaf
Dx_TGTCAGAAGCCGTCGT,11_leaf
Dx_TGTCAGACACTACAGT,4_leaf
Dx_TGTCAGATCGGCAGTC,6_leaf
Dx_TGTCAGATCTTCGGTC,6_leaf
Dx_TGTCCACAGTGTTCCA,16_leaf
Dx_TGTCCACCACTGGACC,6_leaf
Dx_TGTCCACGTGTGAGCA,6_leaf
Dx_TGTCCCATCGAGTACT,4_leaf
Dx_TGTCCTGCAACGCATT,23_leaf
Dx_TGTCCTGTCCTCTAGC,4_leaf
Dx_TGTCCTGTCTTGTTAC,26_leaf
Dx_TGTGAGTAGACGCAGT,4_leaf
Dx_TGTGAGTAGCTAATCC,10_leaf
Dx_TGTGAGTGTTCTAAGC,4_leaf
Dx_TGTGATGGTGGTCCCA,6_leaf
Dx_TGTGCGGAGTTGCATC,4_leaf
Dx_TGTGCGGAGTTTCGGT,12_leaf
Dx_TGTGGCGAGTGATAAC,6_leaf
Dx_TGTGGCGCAGCCATTA,6_leaf
Dx_TGTGTGAGTGGTCTGC,6_leaf
Dx_TGTGTGATCTGAATGC,4_leaf
Dx_TGTTACTCATTGAAGA,4_leaf
Dx_TGTTACTGTCATTGCA,6_leaf
Dx_TGTTACTGTCTTGAAC,12_leaf
Dx_TGTTACTGTCTTGGTA,6_leaf
Dx_TGTTACTGTGCACAAG,20_leaf
Dx_TGTTACTGTGTGTACT,4_leaf
Dx_TGTTACTTCGAAGAAT,6_leaf
Dx_TGTTCATAGCCAACCC,4_leaf
Dx_TGTTCATGTGTGCTTA,6_leaf
Dx_TGTTCATTCCCGTGAG,6_leaf
Dx_TGTTCATTCGTTCTGC,10_leaf
Dx_TGTTCCGAGCATATGA,26_leaf
Dx_TGTTCCGAGTTAACGA,23_leaf
Dx_TGTTCCGCAAGCGAAC,4_leaf
Dx_TGTTCCGGTATCCCTC,4_leaf
Dx_TGTTCCGTCCAATCTT,6_leaf
Dx_TGTTCCGTCGCGATCG,20_leaf
Dx_TGTTCTAGTTGGAGGT,4_leaf
Dx_TGTTGAGTCGACATCA,6_leaf
Dx_TGTTGGAAGACCAAAT,6_leaf
Dx_TGTTGGAGTCATCCGG,6_leaf
Dx_TGTTGGAGTCTACGTA,20_leaf
Dx_TGTTGGATCTGATTCT,4_leaf
Dx_TGTTTGTCAAAGGCGT,4_leaf
Dx_TGTTTGTGTCGAATTC,4_leaf
Dx_TGTTTGTGTTGCTCCT,6_leaf
Dx_TTAATCCAGACTACCT,18_leaf
Dx_TTAATCCAGCGCCATC,6_leaf
Dx_TTAATCCGTAGTATAG,4_leaf
Dx_TTAATCCGTGAACGGT,6_leaf
Dx_TTACAGGAGTGTGTTC,6_leaf
Dx_TTACCATAGAGGTTAT,4_leaf
Dx_TTACCATGTCATTCCC,6_leaf
Dx_TTACCATTCCAATCTT,19_leaf
Dx_TTACCATTCCAGCCTT,4_leaf
Dx_TTACCGCGTGGCGCTT,4_leaf
Dx_TTACCGCGTTGTGGCC,12_leaf
Dx_TTACGCCCACTGGCGT,18_leaf
Dx_TTACGCCCAGCTACTA,6_leaf
Dx_TTACGTTAGCATTGTC,4_leaf
Dx_TTACGTTCATGGCTAT,6_leaf
Dx_TTACGTTTCGATGGAG,6_leaf
Dx_TTACTGTAGCCGGAAT,16_leaf
Dx_TTACTGTGTGTCCTAA,16_leaf
Dx_TTAGGCAGTATACGGG,6_leaf
Dx_TTAGGGTAGCACCGTC,4_leaf
Dx_TTAGGGTGTCCATACA,4_leaf
Dx_TTAGGGTGTTTCGACA,4_leaf
Dx_TTAGTCTCAATTAGGA,6_leaf
Dx_TTAGTCTGTTTGGAAA,6_leaf
Dx_TTATTGCCACTATCCC,6_leaf
Dx_TTATTGCGTAACAGGC,6_leaf
Dx_TTATTGCTCCTCACCA,4_leaf
Dx_TTCAATCTCGTTCGCT,4_leaf
Dx_TTCACCGCACTGCACG,11_leaf
Dx_TTCACGCCAAATCCCA,23_leaf
Dx_TTCACGCCAGGGTTGA,4_leaf
Dx_TTCACGCTCTCACTCG,20_leaf
Dx_TTCAGGACATGCACTA,4_leaf
Dx_TTCAGGAGTCGCAACC,6_leaf
Dx_TTCATGTAGTTTCGAC,6_leaf
Dx_TTCATGTGTAAGCGGT,4_leaf
Dx_TTCATGTGTGAGACGT,6_leaf
Dx_TTCATGTTCAATCTTC,4_leaf
Dx_TTCATGTTCACGGGCT,4_leaf
Dx_TTCATTGTCAATCGGT,4_leaf
Dx_TTCCAATAGTAATTGG,6_leaf
Dx_TTCCAATCACATGAAA,4_leaf
Dx_TTCCACGAGACGGATC,6_leaf
Dx_TTCCACGAGTCGAATA,4_leaf
Dx_TTCCACGGTACGAGCA,6_leaf
Dx_TTCCACGGTATTAAGG,6_leaf
Dx_TTCCACGGTCTAGGCC,4_leaf
Dx_TTCCGGTCAGATTAAG,4_leaf
Dx_TTCCGGTCATAAGATG,18_leaf
Dx_TTCCGGTCATGGAACG,6_leaf
Dx_TTCCGGTGTCGTATGT,4_leaf
Dx_TTCCGGTGTTCGGTTA,18_leaf
Dx_TTCCGGTTCCGGACGT,4_leaf
Dx_TTCCGTGAGTCACTCA,6_leaf
Dx_TTCCGTGAGTTAGAAC,4_leaf
Dx_TTCCGTGCAAAGGGCT,4_leaf
Dx_TTCCGTGGTGACTATC,4_leaf
Dx_TTCCTAAAGGTCCCGT,4_leaf
Dx_TTCCTAACAATTCTCT,4_leaf
Dx_TTCCTAACACACACGC,4_leaf
Dx_TTCCTAAGTCAGGCAA,4_leaf
Dx_TTCCTAATCTGATTCT,6_leaf
Dx_TTCCTAATCTGCTGAA,6_leaf
Dx_TTCCTCTCATCCGTTC,4_leaf
Dx_TTCCTCTTCGCTCTCA,19_leaf
Dx_TTCCTTCAGACTTCGT,6_leaf
Dx_TTCCTTCGTACGGATG,4_leaf
Dx_TTCCTTCTCTCGGGAC,4_leaf
Dx_TTCGCTGCAACCAACT,6_leaf
Dx_TTCGCTGCAATAACGA,26_leaf
Dx_TTCGCTGGTAAGTAGT,4_leaf
Dx_TTCGCTGTCTCGAACA,6_leaf
Dx_TTCGGTCAGAAGCTCG,6_leaf
Dx_TTCGGTCAGGTTAGTA,20_leaf
Dx_TTCGGTCCAAATAAGC,4_leaf
Dx_TTCGGTCGTCTTTATC,6_leaf
Dx_TTCGGTCGTTGCATCA,6_leaf
Dx_TTCGGTCTCGGCTATA,18_leaf
Dx_TTCGGTCTCTTCCACG,6_leaf
Dx_TTCTAACAGACTGAGC,4_leaf
Dx_TTCTAACCATCGAAGG,4_leaf
Dx_TTCTAGTCAACACAGG,4_leaf
Dx_TTCTAGTGTCGTGGTC,4_leaf
Dx_TTCTAGTTCAACCTCC,4_leaf
Dx_TTCTCTCAGGCCTGAA,10_leaf
Dx_TTCTCTCCAGCTGTCG,20_leaf
Dx_TTCTCTCTCCACCTCA,4_leaf
Dx_TTCTGTACAGCTGGTC,4_leaf
Dx_TTCTGTAGTAGGCTGA,4_leaf
Dx_TTCTGTATCTTTGCGC,4_leaf
Dx_TTCTTCCCAGGTTCAT,4_leaf
Dx_TTCTTCCGTAGTATAG,23_leaf
Dx_TTCTTCCGTATCGGTT,6_leaf
Dx_TTCTTGAAGATTGAGT,6_leaf
Dx_TTCTTGAAGTTGGCTT,6_leaf
Dx_TTCTTGACAGAGCTAG,4_leaf
Dx_TTCTTGAGTCACTGAT,4_leaf
Dx_TTCTTGAGTTCGGACC,6_leaf
Dx_TTCTTGATCCGCATAA,6_leaf
Dx_TTGAACGAGCCATCCG,6_leaf
Dx_TTGAACGTCCTACCGT,18_leaf
Dx_TTGACCCAGCCGTTAT,23_leaf
Dx_TTGACCCAGTACAGAT,18_leaf
Dx_TTGACCCAGTTGTAGA,4_leaf
Dx_TTGAGTGCAAACCACT,6_leaf
Dx_TTGAGTGGTACGAGTG,4_leaf
Dx_TTGAGTGTCCGCGATG,4_leaf
Dx_TTGATGGAGCTTACGT,4_leaf
Dx_TTGATGGTCCGTGGTG,4_leaf
Dx_TTGCATTTCAAACTGC,4_leaf
Dx_TTGCATTTCTGAGAAA,6_leaf
Dx_TTGCCTGAGTCACTGT,6_leaf
Dx_TTGCCTGCAATGCAAA,4_leaf
Dx_TTGCGTCAGCATACTC,4_leaf
Dx_TTGCGTCAGGTAGCAC,12_leaf
Dx_TTGCGTCAGGTGGTTG,6_leaf
Dx_TTGCGTCCAGAGGACT,6_leaf
Dx_TTGCGTCCAGCAGACA,4_leaf
Dx_TTGCGTCGTCGCATCG,6_leaf
Dx_TTGCGTCTCCGTAATG,23_leaf
Dx_TTGCTGCAGAAATCCA,6_leaf
Dx_TTGCTGCAGTCACAGG,4_leaf
Dx_TTGCTGCGTCCCGGTA,6_leaf
Dx_TTGCTGCGTGCGGTAA,6_leaf
Dx_TTGGATGTCCGAGCTG,18_leaf
Dx_TTGGGATGTTTGCCGG,12_leaf
Dx_TTGGGATTCAACTGAC,4_leaf
Dx_TTGGGATTCCATCAGA,4_leaf
Dx_TTGGGATTCTGTCGCT,4_leaf
Dx_TTGGGCGAGGTATAGT,6_leaf
Dx_TTGGGCGCAGATTAAG,20_leaf
Dx_TTGGGCGGTACTGAGG,6_leaf
Dx_TTGGGTACAAGCGAGT,6_leaf
Dx_TTGGGTACATGTCGTA,4_leaf
Dx_TTGGGTACATTGTACG,4_leaf
Dx_TTGGTTTCAAAGAACT,4_leaf
Dx_TTGGTTTGTGCCGTTG,18_leaf
Dx_TTGGTTTTCGCCTTTG,6_leaf
Dx_TTGTGGAGTGCTTCAA,4_leaf
Dx_TTGTGGAGTTACGATC,6_leaf
Dx_TTGTTCACAATTGAGA,4_leaf
Dx_TTGTTCAGTCGTTGGC,20_leaf
Dx_TTGTTCATCCTGTACC,4_leaf
Dx_TTGTTGTAGGCCTGCT,20_leaf
Dx_TTGTTGTGTAATTGGA,4_leaf
Dx_TTGTTGTGTGCACAAG,23_leaf
Dx_TTGTTGTGTGGTCTAT,6_leaf
Dx_TTGTTGTTCCTATGGA,4_leaf
Dx_TTGTTTGGTCCGGCAT,12_leaf
Dx_TTGTTTGGTTCAATCG,6_leaf
Dx_TTTACCAGTGATTCTG,4_leaf
Dx_TTTACTGCAAAGGCAC,4_leaf
Dx_TTTACTGGTCCAGCAC,4_leaf
Dx_TTTACTGGTGACTATC,6_leaf
Dx_TTTAGTCCACAGCTGC,18_leaf
Dx_TTTAGTCGTCATACCA,6_leaf
Dx_TTTCACACATAACGGG,23_leaf
Dx_TTTCAGTAGTGAACAT,20_leaf
Dx_TTTCAGTTCGGTAAGG,4_leaf
Dx_TTTCATGCATTCCTAT,6_leaf
Dx_TTTCATGGTCTTGCTC,6_leaf
Dx_TTTCATGTCCTCTCGA,24_leaf
Dx_TTTCCTCGTTTGCCGG,4_leaf
Dx_TTTCCTCTCTGGACTA,6_leaf
Dx_TTTCGATGTCGCATTA,6_leaf
Dx_TTTGACTAGGCCACTC,4_leaf
Dx_TTTGACTAGGGCTTCC,6_leaf
Dx_TTTGACTCACTTACAG,6_leaf
Dx_TTTGACTGTAGCGCCT,6_leaf
Dx_TTTGATCAGGTGGCTA,20_leaf
Dx_TTTGATCCACATACGT,6_leaf
Dx_TTTGATCTCATCGGGC,17_leaf
Dx_TTTGGAGCATAGAGGC,6_leaf
Dx_TTTGGAGGTCAGACTT,6_leaf
Dx_TTTGGAGTCTACTCAT,4_leaf
Dx_TTTGGTTGTTTCGTAG,10_leaf
Dx_TTTGGTTTCTTACACT,19_leaf
Dx_TTTGTTGCAAGACGAC,6_leaf
